Amplitude A,Amplitude B,Amplitude C,Ration A/B,Ratio A/C,Ratio B/A,Ratio B/C,Ratio C/A,Ratio C/B,STD Abw. A,STD Abw. B,STD Abw. C,SW OK A,SW OK B,SW OK C,Schwelle A,Schwelle B,Schwelle C
0,0,0,2.16406,3.96094,0.46094,1.82813,0.25,0.53906,0,0,0,88.82031,82.11719,100,6.15,1.65,1.975
6.35156,2.375,1.11719,2.16406,3.96094,0.46094,1.82813,0.25,0.53906,5.5,1.875,0.79688,88.82031,82.11719,100,6.15,1.65,1.975
5.15625,2.49219,1.03906,2.16406,3.96094,0.46094,1.82813,0.25,0.53906,4.75,1.89063,0.84375,88.82031,82.11719,100,6.15,1.65,1.975
4.17969,2.24219,0.74219,2.16406,3.96094,0.46094,1.82813,0.25,0.53906,4.42969,1.78906,0.78906,88.82031,82.11719,100,6.15,1.65,1.975
5.36719,1.83594,1.14063,2.16406,3.96094,0.46094,1.82813,0.25,0.53906,4.25781,1.70313,0.80469,88.82031,82.11719,100,6.15,1.65,1.975
4.14063,1.84375,1.13281,2.16406,3.96094,0.46094,1.82813,0.25,0.53906,4.10156,1.60938,0.80469,88.82031,82.11719,100,6.15,1.65,1.975
4.08594,1.5625,1.16406,2.16406,3.96094,0.46094,1.82813,0.25,0.53906,3.92969,1.58594,0.80469,88.82031,82.11719,100,6.15,1.65,1.975
2.26563,2.21875,1.07813,2.16406,3.96094,0.46094,1.82813,0.25,0.53906,3.8125,1.57813,0.80469,88.82031,82.11719,100,6.15,1.65,1.975
4.53906,1.92188,0.92969,2.16406,3.96094,0.46094,1.82813,0.25,0.53906,3.6875,1.53906,0.78906,88.82031,82.11719,100,6.15,1.65,1.975
4.32813,1.58594,0.70313,2.16406,3.96094,0.46094,1.82813,0.25,0.53906,3.60156,1.51563,0.77344,88.82031,82.11719,100,6.15,1.65,1.975
3.53125,3.1875,0.98438,2.16406,3.96094,0.46094,1.82813,0.25,0.53906,3.55469,1.60938,0.77344,88.82031,82.11719,100,6.15,1.65,1.975
3.35938,2.44531,0.64063,2.16406,3.96094,0.46094,1.82813,0.25,0.53906,3.47656,1.60938,0.75781,88.82031,82.11719,100,6.15,1.65,1.975
2.39844,2.55469,1.28125,2.16406,3.96094,0.46094,1.82813,0.25,0.53906,3.41406,1.60156,0.78125,88.82031,82.11719,100,6.15,1.65,1.975
4.84375,2.01563,1.46094,2.16406,3.96094,0.46094,1.82813,0.25,0.53906,3.39063,1.57813,0.8125,88.82031,82.11719,100,6.15,1.65,1.975
5.22656,2.0625,0.90625,2.16406,3.96094,0.46094,1.82813,0.25,0.53906,3.41406,1.55469,0.80469,88.82031,82.11719,100,6.15,1.65,1.975
2.26563,2.13281,1.22656,2.16406,3.96094,0.46094,1.82813,0.25,0.53906,3.375,1.54688,0.80469,88.82031,82.11719,100,6.15,1.65,1.975
3.92188,2.10156,0.89063,2.16406,3.96094,0.46094,1.82813,0.25,0.53906,3.375,1.53906,0.78906,88.82031,82.11719,100,6.15,1.65,1.975
3.28906,2.27344,1.375,2.16406,3.96094,0.46094,1.82813,0.25,0.53906,3.33594,1.53125,0.79688,88.82031,82.11719,100,6.15,1.65,1.975
4.60156,2.13281,1.14063,2.16406,3.96094,0.46094,1.82813,0.25,0.53906,3.32813,1.54688,0.79688,88.82031,82.11719,100,6.15,1.65,1.975
4.15625,3.25,1.45313,2.16406,3.96094,0.46094,1.82813,0.25,0.53906,3.30469,1.59375,0.8125,88.82031,82.11719,100,6.15,1.65,1.975
4.21875,2.00781,0.83594,2.16406,3.96094,0.46094,1.82813,0.25,0.53906,3.27344,1.57813,0.8125,88.82031,82.11719,100,6.15,1.65,1.975
3.57031,2.27344,1.26563,2.16406,3.96094,0.46094,1.82813,0.25,0.53906,3.24219,1.59375,0.8125,88.82031,82.11719,100,6.15,1.65,1.975
3.22656,1.6875,1.60938,2.16406,3.96094,0.46094,1.82813,0.25,0.53906,3.21094,1.57813,0.82031,88.82031,82.11719,100,6.15,1.65,1.975
5.60156,2.39063,1.07813,2.16406,3.96094,0.46094,1.82813,0.25,0.53906,3.22656,1.57813,0.82813,88.82031,82.11719,100,6.15,1.65,1.975
3.39063,1.76563,0.9375,2.16406,3.96094,0.46094,1.82813,0.25,0.53906,3.20313,1.57813,0.82031,88.82031,82.11719,100,6.15,1.65,1.975
5.17969,2.38281,1.21875,2.16406,3.96094,0.46094,1.82813,0.25,0.53906,3.22656,1.57813,0.82031,88.82031,82.11719,100,6.15,1.65,1.975
4,2.07813,1.24219,2.16406,3.96094,0.46094,1.82813,0.25,0.53906,3.21875,1.57031,0.82031,88.82031,82.11719,100,6.15,1.65,1.975
3.22656,1.85938,1.19531,2.16406,3.96094,0.46094,1.82813,0.25,0.53906,3.20313,1.55469,0.82813,88.82031,82.11719,100,6.15,1.65,1.975
3.20313,2.35156,0.89844,2.16406,3.96094,0.46094,1.82813,0.25,0.53906,3.17188,1.54688,0.82813,88.82031,82.11719,100,6.15,1.65,1.975
4.75,3.33594,0.92188,2.16406,3.96094,0.46094,1.82813,0.25,0.53906,3.17969,1.58594,0.82031,88.82031,82.11719,100,6.15,1.65,1.975
5.46094,2.19531,1.27344,2.16406,3.96094,0.46094,1.82813,0.25,0.53906,3.21875,1.59375,0.82031,88.82031,82.11719,100,6.15,1.65,1.975
4.32031,1.94531,1.04688,2.16406,3.96094,0.46094,1.82813,0.25,0.53906,3.21094,1.58594,0.82031,88.82031,82.11719,100,6.15,1.65,1.975
4.98438,1.74219,1.07031,2.16406,3.96094,0.46094,1.82813,0.25,0.53906,3.21094,1.57813,0.82813,88.82031,82.11719,100,6.15,1.65,1.975
2.64063,1.61719,1.30469,2.16406,3.96094,0.46094,1.82813,0.25,0.53906,3.1875,1.57031,0.83594,88.82031,82.11719,100,6.15,1.65,1.975
4.51563,1.13281,0.91406,2.16406,3.96094,0.46094,1.82813,0.25,0.53906,3.19531,1.55469,0.82813,88.82031,82.11719,100,6,1.65,1.975
4.11719,2.09375,0.95313,2.16406,3.96094,0.46094,1.82813,0.25,0.53906,3.1875,1.5625,0.82813,88.82031,82.11719,100,5.75,1.65,1.975
3.53906,1.57813,0.88281,2.16406,3.96094,0.46094,1.82813,0.25,0.53906,3.17969,1.55469,0.82031,88.82031,82.11719,100,5.7,1.65,1.975
6.29688,1.78125,1.11719,2.16406,3.96094,0.46094,1.82813,0.25,0.53906,3.24219,1.54688,0.82031,88.82031,82.11719,100,5.7,1.65,1.975
5.20313,1.3125,1.54688,2.16406,3.96094,0.46094,1.82813,0.25,0.53906,3.25781,1.53906,0.83594,88.82031,82.11719,100,5.7,1.65,1.975
5.58594,2.9375,1.24219,2.16406,3.96094,0.46094,1.82813,0.25,0.53906,3.28906,1.54688,0.83594,88.82031,82.11719,100,5.7,1.65,1.975
4.17188,3.0625,0.97656,2.16406,3.96094,0.46094,1.82813,0.25,0.53906,3.28906,1.5625,0.83594,88.82031,82.11719,100,5.7,1.65,1.975
4.08594,1.64063,1.08594,2.16406,3.96094,0.46094,1.82813,0.25,0.53906,3.27344,1.5625,0.83594,88.82031,82.11719,100,5.7,1.65,1.975
3.54688,1.42969,0.96875,2.16406,3.96094,0.46094,1.82813,0.25,0.53906,3.25781,1.55469,0.83594,88.82031,82.11719,100,5.7,1.65,1.975
2.61719,1.82031,0.64063,2.16406,3.96094,0.46094,1.82813,0.25,0.53906,3.24219,1.54688,0.82813,88.82031,82.11719,100,5.7,1.65,1.975
6.03906,2.33594,1.39063,2.16406,3.96094,0.46094,1.82813,0.25,0.53906,3.26563,1.54688,0.82813,88.82031,82.11719,100,5.7,1.65,1.975
3.92969,1.71875,1.09375,2.16406,3.96094,0.46094,1.82813,0.25,0.53906,3.25781,1.54688,0.82813,88.82031,82.11719,100,5.7,1.65,1.975
6.28125,1.27344,1.41406,2.16406,3.96094,0.46094,1.82813,0.25,0.53906,3.32031,1.53906,0.83594,88.82031,82.11719,100,5.7,1.65,1.975
5.79688,1.38281,1.09375,2.16406,3.96094,0.46094,1.82813,0.25,0.53906,3.33594,1.53906,0.83594,88.82031,82.11719,100,5.7,1.65,1.975
7.25,3.23438,0.96094,2.16406,3.96094,0.46094,1.82813,0.25,0.53906,3.39063,1.5625,0.83594,88.82031,82.11719,100,5.7,1.65,1.975
7.8125,1.52344,0.82031,2.16406,3.96094,0.46094,1.82813,0.25,0.53906,3.46875,1.55469,0.82813,88.82031,82.11719,100,5.7,1.65,1.975
3.99219,2.10156,0.71094,2.16406,3.96094,0.46094,1.82813,0.25,0.53906,3.46875,1.5625,0.82813,88.82031,82.11719,100,5.7,1.65,1.975
1.9375,1.33594,1.13281,2.16406,3.96094,0.46094,1.82813,0.25,0.53906,3.46094,1.55469,0.82031,88.82031,82.11719,100,5.7,1.65,1.975
2.88281,2.15625,1.11719,2.16406,3.96094,0.46094,1.82813,0.25,0.53906,3.44531,1.5625,0.82031,88.82031,82.11719,100,5.7,1.65,1.975
3.75,1.67969,0.97656,2.16406,3.96094,0.46094,1.82813,0.25,0.53906,3.4375,1.55469,0.82031,88.82031,82.11719,100,5.7,1.65,1.975
3.88281,1.20313,0.95313,2.16406,3.96094,0.46094,1.82813,0.25,0.53906,3.4375,1.54688,0.82031,88.82031,82.11719,100,5.7,1.65,1.975
3.32031,2.38281,1.3125,2.16406,3.96094,0.46094,1.82813,0.25,0.53906,3.42188,1.54688,0.82031,88.82031,82.11719,100,5.7,1.65,1.975
3.4375,1.79688,0.79688,2.16406,3.96094,0.46094,1.82813,0.25,0.53906,3.42188,1.54688,0.82031,88.82031,82.11719,100,5.7,1.65,1.975
5.14063,1.82813,0.85938,2.16406,3.96094,0.46094,1.82813,0.25,0.53906,3.42969,1.54688,0.82031,88.82031,82.11719,100,5.7,1.65,1.975
4.66406,2.19531,1.21875,2.16406,3.96094,0.46094,1.82813,0.25,0.53906,3.42969,1.54688,0.8125,88.82031,82.11719,100,5.7,1.65,1.975
4.66406,2.19531,1.21875,2.10938,4,0.46875,1.89063,0.24219,0.52344,3.42969,1.54688,0.8125,89.51563,75.07813,100,5.7,1.65,1.975
4.63281,2.15625,1.32813,2.10938,4,0.46875,1.89063,0.24219,0.52344,3.38281,1.54688,0.82031,89.51563,75.07813,100,5.7,1.65,1.975
4.63281,2.15625,1.32813,2.10938,4.00781,0.46875,1.89844,0.24219,0.52344,3.38281,1.54688,0.82031,88.82813,75.58594,100,5.7,1.65,1.975
4.64844,1.97656,1.02344,2.10938,4.00781,0.46875,1.89844,0.24219,0.52344,3.35938,1.53906,0.82031,88.82813,75.58594,100,5.7,1.65,1.975
4.64844,1.97656,1.02344,2.09375,3.96875,0.46875,1.89063,0.25,0.52344,3.35938,1.53906,0.82031,90.01563,75.58594,100,5.7,1.65,1.975
5.35938,2.41406,1.26563,2.09375,3.96875,0.46875,1.89063,0.25,0.52344,3.39063,1.52344,0.82031,90.01563,75.58594,100,5.7,1.65,1.975
5.35938,2.41406,1.26563,2.10156,3.97656,0.46875,1.89063,0.25,0.52344,3.39063,1.52344,0.82031,89.35938,75.58594,100,5.7,1.65,1.975
5.60156,2.57813,1.01563,2.10156,3.97656,0.46875,1.89063,0.25,0.52344,3.39844,1.53125,0.82031,89.35938,75.58594,100,5.7,1.65,1.975
5.60156,2.57813,1.01563,2.10156,3.95313,0.46875,1.875,0.25,0.53125,3.39844,1.53125,0.82031,89.21875,75.58594,100,5.7,1.65,1.975
3.38281,1.16406,1.14063,2.10156,3.95313,0.46875,1.875,0.25,0.53125,3.39063,1.53125,0.82813,89.21875,75.58594,100,5.7,1.65,1.975
3.38281,1.16406,1.14063,2.10156,3.92969,0.46875,1.86719,0.25,0.53125,3.39063,1.53125,0.82813,89.21875,74.80469,100,5.7,1.65,1.975
4.27344,1.60156,1.00781,2.10156,3.92969,0.46875,1.86719,0.25,0.53125,3.39844,1.53125,0.82031,89.21875,74.80469,100,5.7,1.65,1.975
4.27344,1.60156,1.00781,2.10156,3.92969,0.46875,1.86719,0.25,0.53125,3.39844,1.53125,0.82031,89.21875,74.60938,100,5.7,1.65,1.975
4.51563,2.02344,0.98438,2.10156,3.92969,0.46875,1.86719,0.25,0.53125,3.39063,1.53125,0.82031,89.21875,74.60938,100,5.7,1.65,1.975
4.51563,2.02344,0.98438,2.08594,3.95313,0.47656,1.89063,0.25,0.52344,3.39063,1.53125,0.82031,89.21875,76.28906,100,5.7,1.65,1.975
5.36719,1.69531,0.94531,2.08594,3.95313,0.47656,1.89063,0.25,0.52344,3.41406,1.52344,0.82031,89.21875,76.28906,100,5.7,1.65,1.975
5.36719,1.69531,0.94531,2.10938,4,0.46875,1.89063,0.25,0.52344,3.41406,1.52344,0.82031,88.78906,76.49219,100,5.7,1.65,1.975
5.10156,1.82031,1.08594,2.10938,4,0.46875,1.89063,0.25,0.52344,3.42969,1.52344,0.82813,88.78906,76.49219,100,5.7,1.65,1.975
5.10156,1.82031,1.08594,2.13281,3.98438,0.46094,1.85938,0.25,0.53125,3.42969,1.52344,0.82813,88.375,75.85156,100,5.7,1.65,1.975
5.46875,2.89063,0.95313,2.13281,3.98438,0.46094,1.85938,0.25,0.53125,3.46094,1.53906,0.82813,88.375,75.85156,100,5.7,1.65,1.975
5.46875,2.89063,0.95313,2.125,4,0.46875,1.88281,0.24219,0.52344,3.46094,1.53906,0.82813,87.46094,76.9375,100,5.7,1.65,1.975
3.5,1.42188,0.71094,2.125,4,0.46875,1.88281,0.24219,0.52344,3.44531,1.51563,0.82031,87.46094,76.9375,100,5.7,1.65,1.975
3.5,1.42188,0.71094,2.14844,4,0.46094,1.85938,0.24219,0.53125,3.44531,1.51563,0.82031,87.46094,76.07813,100,5.7,1.65,1.975
4.99219,1.96875,1.39063,2.14844,4,0.46094,1.85938,0.24219,0.53125,3.45313,1.51563,0.82813,87.46094,76.07813,100,5.7,1.65,1.975
4.99219,1.96875,1.39063,2.17188,4,0.45313,1.82813,0.25,0.53906,3.45313,1.51563,0.82813,87.46094,75.15625,100,5.7,1.65,1.975
5.98438,1.75781,1.46875,2.17188,4,0.45313,1.82813,0.25,0.53906,3.5,1.51563,0.83594,87.46094,75.15625,100,5.7,1.65,1.975
5.98438,1.75781,1.46875,2.21875,4.05469,0.44531,1.82813,0.24219,0.54688,3.5,1.51563,0.83594,85.99219,75.15625,100,5.7,1.65,1.975
6.0625,3.46094,1.27344,2.21875,4.05469,0.44531,1.82813,0.24219,0.54688,3.57813,1.55469,0.82813,85.99219,75.15625,100,5.7,1.65,1.975
6.0625,3.46094,1.27344,2.20313,4.07813,0.44531,1.84375,0.24219,0.53906,3.57813,1.55469,0.82813,84.77344,75.15625,100,5.7,1.65,1.975
3.03125,2.21875,1.14063,2.20313,4.07813,0.44531,1.84375,0.24219,0.53906,3.5625,1.57031,0.83594,84.77344,75.15625,100,5.7,1.65,1.975
3.03125,2.21875,1.14063,2.1875,4.05469,0.45313,1.84375,0.24219,0.53906,3.5625,1.57031,0.83594,84.77344,75.15625,100,5.7,1.65,1.975
4.28125,1.53906,0.94531,2.1875,4.05469,0.45313,1.84375,0.24219,0.53906,3.5625,1.5625,0.83594,84.77344,75.15625,100,5.7,1.65,1.975
4.28125,1.53906,0.94531,2.19531,4.07031,0.45313,1.84375,0.24219,0.53906,3.5625,1.5625,0.83594,84.77344,74.49219,100,5.7,1.65,1.975
4.32031,2.24219,0.99219,2.19531,4.07031,0.45313,1.84375,0.24219,0.53906,3.55469,1.5625,0.83594,84.77344,74.49219,100,5.7,1.65,1.975
4.32031,2.24219,0.99219,2.20313,4.07813,0.44531,1.84375,0.24219,0.53906,3.55469,1.5625,0.83594,84.67969,74.21875,100,5.7,1.65,1.975
5.84375,2.08594,1.375,2.20313,4.07813,0.44531,1.84375,0.24219,0.53906,3.58594,1.57031,0.84375,84.67969,74.21875,100,5.7,1.65,1.975
5.84375,2.08594,1.375,2.23438,4.11719,0.44531,1.83594,0.24219,0.53906,3.58594,1.57031,0.84375,83.41406,73.89844,100,5.7,1.65,1.975
6.97656,1.88281,1.03125,2.23438,4.11719,0.44531,1.83594,0.24219,0.53906,3.61719,1.5625,0.83594,83.41406,73.89844,100,5.7,1.65,1.975
6.97656,1.88281,1.03125,2.25781,4.15625,0.4375,1.82813,0.23438,0.53906,3.61719,1.5625,0.83594,82.22656,73.86719,100,5.7,1.65,1.975
3.67188,1.92969,1.13281,2.25781,4.15625,0.4375,1.82813,0.23438,0.53906,3.60938,1.54688,0.83594,82.22656,73.86719,100,5.7,1.65,1.975
3.67188,1.92969,1.13281,2.27344,4.17969,0.4375,1.83594,0.23438,0.53906,3.60938,1.54688,0.83594,82.01563,73.86719,100,5.7,1.65,1.975
3.96094,2.32031,1.32813,2.27344,4.17969,0.4375,1.83594,0.23438,0.53906,3.60938,1.54688,0.83594,82.01563,73.86719,100,5.7,1.65,1.975
3.96094,2.32031,1.32813,2.27344,4.14844,0.4375,1.82031,0.23438,0.54688,3.60938,1.54688,0.83594,82.01563,73.86719,100,5.7,1.65,1.975
3.05469,2.50781,0.88281,2.27344,4.14844,0.4375,1.82031,0.23438,0.54688,3.60938,1.53906,0.83594,82.01563,73.86719,100,5.7,1.65,1.975
3.05469,2.50781,0.88281,2.25781,4.16406,0.4375,1.83594,0.23438,0.53906,3.60938,1.53906,0.83594,82.01563,73.86719,100,5.7,1.65,1.975
6.07031,1.77344,1.35938,2.25781,4.16406,0.4375,1.83594,0.23438,0.53906,3.64063,1.53906,0.83594,82.01563,73.86719,100,5.7,1.65,1.975
6.07031,1.77344,1.35938,2.28125,4.20313,0.4375,1.83594,0.23438,0.53906,3.64063,1.53906,0.83594,81.03125,74.11719,100,5.7,1.65,1.975
5.32813,1.92188,1.07031,2.28125,4.20313,0.4375,1.83594,0.23438,0.53906,3.63281,1.53125,0.83594,81.03125,74.11719,100,5.7,1.65,1.975
5.32813,1.92188,1.07031,2.29688,4.25,0.42969,1.84375,0.23438,0.53906,3.63281,1.53125,0.83594,80.5,74.11719,100,5.7,1.65,1.975
3.13281,2.80469,1.46875,2.29688,4.25,0.42969,1.84375,0.23438,0.53906,3.64063,1.55469,0.84375,80.5,74.11719,100,5.7,1.65,1.975
3.13281,2.80469,1.46875,2.26563,4.20313,0.4375,1.85156,0.23438,0.53125,3.64063,1.55469,0.84375,80.5,75.24219,100,5.7,1.65,1.975
4.64844,1.10938,1.32031,2.26563,4.20313,0.4375,1.85156,0.23438,0.53125,3.64063,1.53906,0.84375,80.5,75.24219,100,5.7,1.65,1.975
4.64844,1.10938,1.32031,2.28906,4.17969,0.42969,1.82813,0.23438,0.54688,3.64063,1.53906,0.84375,80.5,73.78906,100,5.7,1.65,1.975
3.78125,1.41406,1.14063,2.28906,4.17969,0.42969,1.82813,0.23438,0.54688,3.63281,1.53906,0.84375,80.5,73.78906,100,5.7,1.65,1.975
3.78125,1.41406,1.14063,2.30469,4.17969,0.42969,1.8125,0.23438,0.54688,3.63281,1.53906,0.84375,80.5,72.46875,100,5.7,1.65,1.975
5.98438,1.28125,1.5625,2.30469,4.17969,0.42969,1.8125,0.23438,0.54688,3.66406,1.53906,0.85156,80.5,72.46875,100,5.7,1.65,1.975
5.98438,1.28125,1.5625,2.33594,4.17188,0.42188,1.78125,0.23438,0.55469,3.66406,1.53906,0.85156,80.00781,71.64063,100,5.7,1.65,1.975
8.20313,2.25,1.50781,2.33594,4.17188,0.42188,1.78125,0.23438,0.55469,3.75781,1.55469,0.85156,80.00781,71.64063,100,5.7,1.65,1.975
8.20313,2.25,1.50781,2.38281,4.24219,0.41406,1.77344,0.23438,0.55469,3.75781,1.55469,0.85156,78.58594,70.70313,100,5.7,1.65,1.975
5.40625,4.42969,1.79688,2.38281,4.24219,0.41406,1.77344,0.23438,0.55469,3.75781,1.58594,0.86719,78.58594,70.70313,100,5.7,1.65,1.975
5.40625,4.42969,1.79688,2.36719,4.20313,0.42188,1.77344,0.23438,0.5625,3.75781,1.58594,0.86719,77.97656,70.70313,99.88281,5.7,1.65,1.975
4.67188,2.5625,1.25,2.36719,4.20313,0.42188,1.77344,0.23438,0.5625,3.72656,1.59375,0.875,77.97656,70.70313,99.88281,5.7,1.65,1.975
4.67188,2.5625,1.25,2.35156,4.16406,0.42188,1.76563,0.23438,0.5625,3.72656,1.59375,0.875,77.97656,70.70313,99.88281,5.7,1.65,1.975
2.55469,3.57813,1.50781,2.35156,4.16406,0.42188,1.76563,0.23438,0.5625,3.72656,1.63281,0.875,77.97656,70.70313,99.88281,5.7,1.65,1.975
2.55469,3.57813,1.50781,2.32031,4.14063,0.42969,1.78125,0.23438,0.55469,3.72656,1.63281,0.875,77.97656,70.70313,99.88281,5.7,1.65,1.975
4.47656,1.67188,1.07031,2.32031,4.14063,0.42969,1.78125,0.23438,0.55469,3.72656,1.63281,0.875,77.97656,70.70313,99.88281,5.7,1.65,1.975
4.47656,1.67188,1.07031,2.30469,4.10938,0.42969,1.77344,0.24219,0.55469,3.72656,1.63281,0.875,77.97656,70.41406,99.88281,5.7,1.65,1.975
8.46875,2.05469,1.51563,2.30469,4.10938,0.42969,1.77344,0.24219,0.55469,3.85938,1.63281,0.875,77.97656,70.41406,99.88281,5.7,1.65,1.975
8.46875,2.05469,1.51563,2.32813,4.16406,0.42188,1.78125,0.23438,0.55469,3.85938,1.63281,0.875,76.75781,71.47656,99.88281,5.7,1.65,1.975
6.60156,1.9375,1.39844,2.32813,4.16406,0.42188,1.78125,0.23438,0.55469,3.875,1.63281,0.88281,76.75781,71.47656,99.88281,5.7,1.65,1.975
6.60156,1.9375,1.39844,2.34375,4.17969,0.42188,1.77344,0.23438,0.55469,3.875,1.63281,0.88281,75.07813,72.53125,99.88281,5.7,1.65,1.975
3.57031,1.4375,1.17969,2.34375,4.17969,0.42188,1.77344,0.23438,0.55469,3.88281,1.63281,0.88281,75.07813,72.53125,99.88281,5.7,1.65,1.975
3.57031,1.4375,1.17969,2.34375,4.14844,0.42188,1.76563,0.23438,0.5625,3.88281,1.63281,0.88281,75.01563,72.34375,99.88281,5.7,1.65,1.975
3.67188,2.00781,1.49219,2.34375,4.14844,0.42188,1.76563,0.23438,0.5625,3.875,1.63281,0.88281,75.01563,72.34375,99.88281,5.7,1.65,1.975
3.67188,2.00781,1.49219,2.34375,4.11719,0.42188,1.75,0.24219,0.5625,3.875,1.63281,0.88281,75.01563,72.73438,99.88281,5.7,1.65,1.975
3.375,2.25781,1.21094,2.34375,4.11719,0.42188,1.75,0.24219,0.5625,3.84375,1.63281,0.88281,75.01563,72.73438,99.88281,5.7,1.65,1.975
3.375,2.25781,1.21094,2.32031,4.09375,0.42969,1.75781,0.24219,0.5625,3.84375,1.63281,0.88281,75.96875,73.53906,99.88281,5.7,1.65,1.975
3.02344,2.49219,0.79688,2.32031,4.09375,0.42969,1.75781,0.24219,0.5625,3.83594,1.64844,0.88281,75.96875,73.53906,99.88281,5.7,1.65,1.975
3.02344,2.49219,0.79688,2.27344,4.07031,0.4375,1.78906,0.24219,0.55469,3.83594,1.64844,0.88281,76.38281,74.41406,99.88281,5.7,1.65,1.975
6.73438,1.63281,1.15625,2.27344,4.07031,0.4375,1.78906,0.24219,0.55469,3.85938,1.63281,0.875,76.38281,74.41406,99.88281,5.7,1.65,1.975
6.73438,1.63281,1.15625,2.29688,4.09375,0.42969,1.78125,0.24219,0.55469,3.85938,1.63281,0.875,75.75781,74.38281,99.88281,5.7,1.65,1.975
7.83594,2.11719,1.23438,2.29688,4.09375,0.42969,1.78125,0.24219,0.55469,3.88281,1.61719,0.875,75.75781,74.38281,99.88281,5.7,1.65,1.975
7.83594,2.11719,1.23438,2.33594,4.11719,0.42188,1.75781,0.24219,0.5625,3.88281,1.61719,0.875,75.00781,74.16406,99.88281,5.7,1.65,1.975
3.46094,1.63281,1.33594,2.33594,4.11719,0.42188,1.75781,0.24219,0.5625,3.89063,1.61719,0.88281,75.00781,74.16406,99.88281,5.7,1.65,1.975
3.46094,1.63281,1.33594,2.34375,4.10938,0.42188,1.75,0.24219,0.57031,3.89063,1.61719,0.88281,74.41406,74.375,99.88281,5.7,1.65,1.975
5.625,2.67188,1.30469,2.34375,4.10938,0.42188,1.75,0.24219,0.57031,3.90625,1.625,0.88281,74.41406,74.375,99.88281,5.7,1.65,1.975
5.625,2.67188,1.30469,2.32813,4.125,0.42188,1.76563,0.24219,0.5625,3.90625,1.625,0.88281,74.07813,76.09375,99.88281,5.7,1.65,1.975
6.19531,2.60938,1.25,2.32813,4.125,0.42188,1.76563,0.24219,0.5625,3.9375,1.625,0.89063,74.07813,76.09375,99.88281,5.7,1.65,1.975
6.19531,2.60938,1.25,2.34375,4.14063,0.42188,1.75781,0.23438,0.5625,3.9375,1.625,0.89063,72.92188,76.86719,99.88281,5.7,1.65,1.975
5.82813,1.03906,1.3125,2.34375,4.14063,0.42188,1.75781,0.23438,0.5625,3.94531,1.625,0.89063,72.92188,76.86719,99.88281,5.7,1.65,1.975
5.82813,1.03906,1.3125,2.375,4.13281,0.41406,1.73438,0.23438,0.57031,3.94531,1.625,0.89063,72.27344,76,99.88281,5.7,1.65,1.975
3.95313,1.92188,1.0625,2.375,4.13281,0.41406,1.73438,0.23438,0.57031,3.95313,1.625,0.89063,72.27344,76,99.88281,5.7,1.65,1.975
3.95313,1.92188,1.0625,2.35156,4.14063,0.42188,1.75781,0.23438,0.5625,3.95313,1.625,0.89063,72.27344,76.21875,99.88281,5.7,1.65,1.975
4.58594,1.41406,1.10938,2.35156,4.14063,0.42188,1.75781,0.23438,0.5625,3.91406,1.63281,0.89063,72.27344,76.21875,99.88281,5.7,1.65,1.975
4.58594,1.41406,1.10938,2.35938,4.14844,0.42188,1.75781,0.23438,0.5625,3.91406,1.63281,0.89063,72.98438,76.30469,99.88281,5.7,1.65,1.975
5.57031,1.77344,1.59375,2.35938,4.14844,0.42188,1.75781,0.23438,0.5625,3.91406,1.625,0.89063,72.98438,76.30469,99.88281,5.7,1.65,1.975
5.57031,1.77344,1.59375,2.33594,4.10156,0.42188,1.75,0.24219,0.57031,3.91406,1.625,0.89063,74.07031,77.1875,99.88281,5.7,1.65,1.975
4.70313,1.92188,1.32031,2.33594,4.10156,0.42188,1.75,0.24219,0.57031,3.875,1.60156,0.89844,74.07031,77.1875,99.88281,5.7,1.65,1.975
4.70313,1.92188,1.32031,2.35156,4.05469,0.42188,1.71875,0.24219,0.57813,3.875,1.60156,0.89844,75.11719,77.08594,99.88281,5.7,1.65,1.975
3.625,1.9375,1.30469,2.35156,4.05469,0.42188,1.71875,0.24219,0.57813,3.82031,1.60156,0.90625,75.11719,77.08594,99.88281,5.7,1.65,1.975
3.625,1.9375,1.30469,2.3125,3.99219,0.42969,1.71875,0.25,0.57813,3.82031,1.60156,0.90625,76.78906,77.82813,99.88281,5.7,1.65,1.975
3.85156,1.88281,1.10156,2.3125,3.99219,0.42969,1.71875,0.25,0.57813,3.8125,1.59375,0.90625,76.78906,77.82813,99.88281,5.7,1.65,1.975
3.85156,1.88281,1.10156,2.30469,3.95313,0.42969,1.70313,0.25,0.57813,3.8125,1.59375,0.90625,76.96094,77.82813,99.88281,5.7,1.65,1.975
5.60938,1.5,1.13281,2.30469,3.95313,0.42969,1.70313,0.25,0.57813,3.82031,1.59375,0.90625,76.96094,77.82813,99.88281,5.7,1.65,1.975
5.60938,1.5,1.13281,2.3125,3.95313,0.42969,1.70313,0.25,0.58594,3.82031,1.59375,0.90625,76.96094,78.28125,99.88281,5.7,1.65,1.975
3.14063,2.34375,1.39844,2.3125,3.95313,0.42969,1.70313,0.25,0.58594,3.8125,1.58594,0.91406,76.96094,78.28125,99.88281,5.7,1.65,1.975
3.14063,2.34375,1.39844,2.32813,3.97656,0.42188,1.70313,0.25,0.58594,3.8125,1.58594,0.91406,76.96094,78.39844,99.88281,5.7,1.65,1.975
2.34375,2.625,0.92969,2.32813,3.97656,0.42188,1.70313,0.25,0.58594,3.8125,1.59375,0.91406,76.96094,78.39844,99.88281,5.7,1.65,1.975
2.34375,2.625,0.92969,2.3125,3.95313,0.42969,1.71094,0.25,0.57813,3.8125,1.59375,0.91406,76.96094,78.63281,99.88281,5.7,1.65,1.975
3.61719,2.13281,0.78125,2.3125,3.95313,0.42969,1.71094,0.25,0.57813,3.80469,1.59375,0.91406,76.96094,78.63281,99.88281,5.7,1.65,1.975
3.61719,2.13281,0.78125,2.28125,3.94531,0.42969,1.71875,0.25,0.57813,3.80469,1.59375,0.91406,76.96094,80.14844,99.88281,5.7,1.65,1.975
7.10938,1.90625,0.77344,2.28125,3.94531,0.42969,1.71875,0.25,0.57813,3.83594,1.59375,0.90625,76.96094,80.14844,99.88281,5.7,1.65,1.975
7.10938,1.90625,0.77344,2.3125,4.01563,0.42969,1.73438,0.24219,0.57031,3.83594,1.59375,0.90625,75.59375,80.46875,99.88281,5.7,1.65,1.975
4.59375,2.02344,1.17188,2.3125,4.01563,0.42969,1.73438,0.24219,0.57031,3.84375,1.58594,0.91406,75.59375,80.46875,99.88281,5.7,1.65,1.975
4.59375,2.02344,1.17188,2.32031,4.03906,0.42969,1.74219,0.24219,0.57031,3.84375,1.58594,0.91406,74.59375,80.78125,99.88281,5.7,1.65,1.975
5.72656,2.39844,0.95313,2.32031,4.03906,0.42969,1.74219,0.24219,0.57031,3.85156,1.60156,0.91406,74.59375,80.78125,99.88281,5.7,1.65,1.975
5.72656,2.39844,0.95313,2.3125,4.03125,0.42969,1.73438,0.24219,0.57031,3.85156,1.60156,0.91406,73.42969,81.17188,99.88281,5.7,1.65,1.975
2.35156,2.07031,1.39844,2.3125,4.03125,0.42969,1.73438,0.24219,0.57031,3.85156,1.59375,0.91406,73.42969,81.17188,99.88281,5.7,1.65,1.975
2.35156,2.07031,1.39844,2.29688,4,0.42969,1.73438,0.24219,0.57031,3.85156,1.59375,0.91406,73.42969,80.96875,99.88281,5.7,1.65,1.975
2.92188,1.54688,0.77344,2.29688,4,0.42969,1.73438,0.24219,0.57031,3.8125,1.58594,0.91406,73.42969,80.96875,99.88281,5.7,1.65,1.975
2.92188,1.54688,0.77344,2.28906,3.99219,0.42969,1.74219,0.25,0.57031,3.8125,1.58594,0.91406,74.32031,80.05469,99.88281,5.7,1.65,1.975
5.30469,2.10156,1.41406,2.28906,3.99219,0.42969,1.74219,0.25,0.57031,3.82813,1.58594,0.91406,74.32031,80.05469,99.88281,5.7,1.65,1.975
5.30469,2.10156,1.41406,2.30469,3.98438,0.42969,1.71875,0.25,0.57813,3.82813,1.58594,0.91406,73.91406,79.80469,99.88281,5.7,1.65,1.975
4.91406,1.86719,1.40625,2.30469,3.98438,0.42969,1.71875,0.25,0.57813,3.8125,1.58594,0.91406,73.91406,79.80469,99.88281,5.7,1.65,1.975
4.91406,1.86719,1.40625,2.3125,3.97656,0.42969,1.71875,0.25,0.57813,3.8125,1.58594,0.91406,74.09375,79.80469,99.88281,5.7,1.65,1.975
4.71094,2.91406,0.75781,2.3125,3.97656,0.42969,1.71875,0.25,0.57813,3.80469,1.58594,0.91406,74.09375,79.80469,99.88281,5.7,1.65,1.975
4.71094,2.91406,0.75781,2.29688,3.96875,0.42969,1.71875,0.25,0.57813,3.80469,1.58594,0.91406,74.23438,79.80469,99.88281,5.7,1.65,1.975
4.11719,1.61719,1.08594,2.29688,3.96875,0.42969,1.71875,0.25,0.57813,3.8125,1.58594,0.91406,74.23438,79.80469,99.88281,5.7,1.65,1.975
4.11719,1.61719,1.08594,2.30469,3.98438,0.42969,1.71875,0.25,0.57813,3.8125,1.58594,0.91406,74.23438,80.14063,99.88281,5.7,1.65,1.975
4.85938,1.82031,1.6875,2.30469,3.98438,0.42969,1.71875,0.25,0.57813,3.8125,1.58594,0.92188,74.23438,80.14063,99.88281,5.7,1.65,1.975
4.85938,1.82031,1.6875,2.30469,3.96094,0.42969,1.71875,0.25,0.57813,3.8125,1.58594,0.92188,74.23438,80.91406,99.88281,5.7,1.65,1.975
4.34375,1.85938,1.46094,2.30469,3.96094,0.42969,1.71875,0.25,0.57813,3.8125,1.58594,0.92969,74.23438,80.91406,99.88281,5.7,1.65,1.975
4.34375,1.85938,1.46094,2.3125,3.9375,0.42969,1.70313,0.25,0.58594,3.8125,1.58594,0.92969,74.23438,80.59375,99.88281,5.7,1.65,1.975
3.60156,1.57031,0.78125,2.3125,3.9375,0.42969,1.70313,0.25,0.58594,3.79688,1.58594,0.92969,74.23438,80.59375,99.88281,5.7,1.65,1.975
3.60156,1.57031,0.78125,2.29688,3.91406,0.42969,1.70313,0.25,0.58594,3.79688,1.58594,0.92969,74.65625,79.78125,99.88281,5.7,1.65,1.975
4.48438,2.19531,0.96875,2.29688,3.91406,0.42969,1.70313,0.25,0.58594,3.78125,1.59375,0.92969,74.65625,79.78125,99.88281,5.7,1.65,1.975
4.48438,2.19531,0.96875,2.28906,3.9375,0.42969,1.71875,0.25,0.57813,3.78125,1.59375,0.92969,74.97656,80.375,99.88281,5.7,1.65,1.975
3.59375,1.28125,1.10156,2.28906,3.9375,0.42969,1.71875,0.25,0.57813,3.75781,1.57031,0.92969,74.97656,80.375,99.88281,5.7,1.65,1.975
3.59375,1.28125,1.10156,2.29688,3.90625,0.42969,1.69531,0.25,0.58594,3.75781,1.57031,0.92969,75.99219,79.04688,99.88281,5.7,1.65,1.975
3.32031,1.55469,0.94531,2.29688,3.90625,0.42969,1.69531,0.25,0.58594,3.76563,1.57031,0.92969,75.99219,79.04688,99.88281,5.7,1.65,1.975
3.32031,1.55469,0.94531,2.28906,3.875,0.42969,1.6875,0.25781,0.58594,3.76563,1.57031,0.92969,75.99219,78.08594,99.88281,5.7,1.65,1.975
7.88281,1.42969,1.11719,2.28906,3.875,0.42969,1.6875,0.25781,0.58594,3.8125,1.57031,0.92969,75.99219,78.08594,99.88281,5.7,1.65,1.975
7.88281,1.42969,1.11719,2.30469,3.89844,0.42969,1.6875,0.25,0.58594,3.8125,1.57031,0.92969,74.78125,77.85156,99.88281,5.7,1.65,1.975
4.95313,2.25781,1.53906,2.30469,3.89844,0.42969,1.6875,0.25,0.58594,3.78125,1.57031,0.92969,74.78125,77.85156,99.88281,5.7,1.65,1.975
4.95313,2.25781,1.53906,2.3125,3.89063,0.42969,1.67969,0.25,0.59375,3.78125,1.57031,0.92969,75.48438,77.01563,99.88281,5.7,1.65,1.975
5.60156,1.16406,1.46875,2.3125,3.89063,0.42969,1.67969,0.25,0.59375,3.71875,1.53125,0.92969,75.48438,77.01563,99.88281,5.7,1.65,1.975
5.60156,1.16406,1.46875,2.33594,3.88281,0.42188,1.65625,0.25,0.60156,3.71875,1.53125,0.92969,76.36719,75.98438,99.88281,5.7,1.65,1.975
4.66406,1.625,1.57031,2.33594,3.88281,0.42188,1.65625,0.25,0.60156,3.71094,1.52344,0.92969,76.36719,75.98438,99.88281,5.7,1.65,1.975
4.66406,1.625,1.57031,2.36719,3.90625,0.42188,1.64844,0.25,0.60156,3.71094,1.52344,0.92969,76.36719,74.60938,99.88281,5.7,1.65,1.975
3.88281,2.00781,1.10156,2.36719,3.90625,0.42188,1.64844,0.25,0.60156,3.71875,1.52344,0.92969,76.36719,74.60938,99.88281,5.7,1.65,1.975
3.88281,2.00781,1.10156,2.36719,3.88281,0.42188,1.64063,0.25,0.60938,3.71875,1.52344,0.92969,76.36719,74.9375,99.88281,5.7,1.65,1.975
5.71094,0.75,1.26563,2.36719,3.88281,0.42188,1.64063,0.25,0.60938,3.74219,1.52344,0.9375,76.36719,74.9375,99.88281,5.7,1.65,1.975
5.71094,0.75,1.26563,2.39063,3.86719,0.41406,1.61719,0.25781,0.61719,3.74219,1.52344,0.9375,75.66406,73.64844,99.88281,5.7,1.65,1.975
5.90625,1.30469,1.90625,2.39063,3.86719,0.41406,1.61719,0.25781,0.61719,3.73438,1.50781,0.95313,75.66406,73.64844,99.88281,5.7,1.65,1.975
5.90625,1.30469,1.90625,2.40625,3.84375,0.41406,1.59375,0.25781,0.625,3.73438,1.50781,0.95313,75.73438,72.19531,99.72656,5.7,1.65,1.975
4.00781,1.25781,1.03906,2.40625,3.84375,0.41406,1.59375,0.25781,0.625,3.70313,1.50781,0.95313,75.73438,72.19531,99.72656,5.7,1.65,1.975
4.00781,1.25781,1.03906,2.41406,3.82813,0.40625,1.57813,0.25781,0.625,3.70313,1.50781,0.95313,76.80469,70.64844,99.72656,5.7,1.65,1.975
7.40625,2.17188,0.90625,2.41406,3.82813,0.40625,1.57813,0.25781,0.625,3.79688,1.51563,0.95313,76.80469,70.64844,99.72656,5.7,1.65,1.975
7.40625,2.17188,0.90625,2.42188,3.86719,0.40625,1.59375,0.25781,0.625,3.79688,1.51563,0.95313,76.09375,70.57031,99.72656,5.7,1.65,1.975
6.125,1.10938,1.04688,2.42188,3.86719,0.40625,1.59375,0.25781,0.625,3.82031,1.50781,0.95313,76.09375,70.57031,99.72656,5.7,1.65,1.975
6.125,1.10938,1.04688,2.46875,3.91406,0.39844,1.58594,0.25,0.625,3.82031,1.50781,0.95313,74.375,68.86719,99.72656,5.7,1.65,1.975
8,2.26563,1.13281,2.46875,3.91406,0.39844,1.58594,0.25,0.625,3.88281,1.50781,0.95313,74.375,68.86719,99.72656,5.7,1.65,1.975
8,2.26563,1.13281,2.52344,3.96875,0.39063,1.57031,0.25,0.63281,3.88281,1.50781,0.95313,72.67969,68.65625,99.72656,5.7,1.65,1.975
5.21094,1.9375,1.19531,2.52344,3.96875,0.39063,1.57031,0.25,0.63281,3.875,1.50781,0.94531,72.67969,68.65625,99.72656,5.7,1.65,1.975
5.21094,1.9375,1.19531,2.52344,3.98438,0.39063,1.57813,0.25,0.63281,3.875,1.50781,0.94531,73.04688,68.875,99.72656,5.7,1.65,1.975
5.01563,1.83594,0.90625,2.52344,3.98438,0.39063,1.57813,0.25,0.63281,3.875,1.50781,0.95313,73.04688,68.875,99.72656,5.7,1.65,1.975
5.01563,1.83594,0.90625,2.52344,3.96875,0.39063,1.57031,0.25,0.63281,3.875,1.50781,0.95313,73.35938,68.875,99.72656,5.7,1.65,1.975
4.95313,2.44531,1.17969,2.52344,3.96875,0.39063,1.57031,0.25,0.63281,3.88281,1.5,0.95313,73.35938,68.875,99.72656,5.7,1.65,1.975
4.95313,2.44531,1.17969,2.53125,4.00781,0.39063,1.57813,0.24219,0.625,3.88281,1.5,0.95313,73.35938,68.875,99.72656,5.7,1.65,1.975
3.875,1.78906,0.78906,2.53125,4.00781,0.39063,1.57813,0.24219,0.625,3.86719,1.50781,0.94531,73.35938,68.875,99.72656,5.7,1.65,1.975
3.875,1.78906,0.78906,2.51563,4.03125,0.39063,1.59375,0.24219,0.625,3.86719,1.50781,0.94531,73.35938,69.625,99.72656,5.7,1.65,1.975
5.82031,1.25,1.22656,2.51563,4.03125,0.39063,1.59375,0.24219,0.625,3.90625,1.50781,0.94531,73.35938,69.625,99.72656,5.7,1.65,1.975
5.82031,1.25,1.22656,2.53125,4.04688,0.39063,1.59375,0.24219,0.625,3.90625,1.50781,0.94531,72.47656,69.39844,99.72656,5.7,1.65,1.975
2.91406,1.82813,1.36719,2.53125,4.04688,0.39063,1.59375,0.24219,0.625,3.88281,1.50781,0.94531,72.47656,69.39844,99.72656,5.7,1.65,1.975
2.91406,1.82813,1.36719,2.51563,4.02344,0.39063,1.59375,0.24219,0.625,3.88281,1.50781,0.94531,72.96875,70.125,99.72656,5.7,1.65,1.975
3.36719,2.19531,1.19531,2.51563,4.02344,0.39063,1.59375,0.24219,0.625,3.80469,1.52344,0.9375,72.96875,70.125,99.72656,5.7,1.65,1.975
3.36719,2.19531,1.19531,2.45313,3.96094,0.40625,1.60938,0.25,0.61719,3.80469,1.52344,0.9375,74.29688,71.17188,99.72656,5.7,1.65,1.975
6.09375,2.28906,1.14844,2.45313,3.96094,0.40625,1.60938,0.25,0.61719,3.82031,1.44531,0.92969,74.29688,71.17188,99.72656,5.7,1.65,1.975
6.09375,2.28906,1.14844,2.5,4.00781,0.39844,1.59375,0.24219,0.61719,3.82031,1.44531,0.92969,74.28906,71.17188,99.84375,5.7,1.65,1.975
5.03906,2.10938,1.28906,2.5,4.00781,0.39844,1.59375,0.24219,0.61719,3.83594,1.42969,0.92188,74.28906,71.17188,99.84375,5.7,1.65,1.975
5.03906,2.10938,1.28906,2.53125,4.02344,0.39063,1.58594,0.24219,0.625,3.83594,1.42969,0.92188,73.40625,70.9375,99.84375,5.7,1.65,1.975
4.61719,1.94531,1.60156,2.53125,4.02344,0.39063,1.58594,0.24219,0.625,3.85156,1.39844,0.92188,73.40625,70.9375,99.84375,5.7,1.65,1.975
4.61719,1.94531,1.60156,2.5625,4.03906,0.38281,1.57031,0.24219,0.63281,3.85156,1.39844,0.92188,73.40625,70.9375,99.84375,5.7,1.65,1.975
4.41406,2.65625,0.84375,2.5625,4.03906,0.38281,1.57031,0.24219,0.63281,3.84375,1.41406,0.92188,73.40625,70.9375,99.84375,5.7,1.65,1.975
4.41406,2.65625,0.84375,2.55469,4.07031,0.39063,1.58594,0.24219,0.625,3.84375,1.41406,0.92188,73.40625,71.22656,99.84375,5.7,1.65,1.975
4.0625,2.11719,0.875,2.55469,4.07031,0.39063,1.58594,0.24219,0.625,3.71094,1.42188,0.91406,73.40625,71.22656,99.84375,5.7,1.65,1.975
4.0625,2.11719,0.875,2.53125,4.0625,0.39063,1.60156,0.24219,0.61719,3.71094,1.42188,0.91406,74.50781,71.05469,99.84375,5.7,1.65,1.975
4.70313,1.71094,1.03125,2.53125,4.0625,0.39063,1.60156,0.24219,0.61719,3.70313,1.42188,0.92188,74.50781,71.05469,99.84375,5.7,1.65,1.975
4.70313,1.71094,1.03125,2.50781,4.04688,0.39063,1.60938,0.24219,0.61719,3.70313,1.42188,0.92188,76.24219,70.98438,99.84375,5.7,1.65,1.975
3.34375,1.42969,1.53906,2.50781,4.04688,0.39063,1.60938,0.24219,0.61719,3.67969,1.42188,0.91406,76.24219,70.98438,99.84375,5.7,1.65,1.975
3.34375,1.42969,1.53906,2.5,4.03906,0.39844,1.60938,0.24219,0.61719,3.67969,1.42188,0.91406,76.36719,71.19531,99.84375,5.7,1.65,1.975
2.25,1.48438,0.84375,2.5,4.03906,0.39844,1.60938,0.24219,0.61719,3.6875,1.41406,0.91406,76.36719,71.19531,99.84375,5.7,1.65,1.975
2.25,1.48438,0.84375,2.5,4.04688,0.39844,1.61719,0.24219,0.61719,3.6875,1.41406,0.91406,76.36719,69.85156,99.84375,5.7,1.65,1.975
5.71094,2.5625,1.21875,2.5,4.04688,0.39844,1.61719,0.24219,0.61719,3.71094,1.41406,0.91406,76.36719,69.85156,99.84375,5.7,1.65,1.975
5.71094,2.5625,1.21875,2.51563,4.07031,0.39063,1.61719,0.24219,0.61719,3.71094,1.41406,0.91406,76.25,69.85156,99.84375,5.7,1.65,1.975
2.85156,1.89063,1.39063,2.51563,4.07031,0.39063,1.61719,0.24219,0.61719,3.70313,1.40625,0.91406,76.25,69.85156,99.84375,5.7,1.65,1.975
2.85156,1.89063,1.39063,2.52344,4.05469,0.39063,1.60156,0.24219,0.61719,3.70313,1.40625,0.91406,76.25,69.85156,99.84375,5.7,1.65,1.975
7.32031,1.32813,1.75,2.52344,4.05469,0.39063,1.60156,0.24219,0.61719,3.71875,1.39844,0.92188,76.25,69.85156,99.84375,5.7,1.65,1.975
7.32031,1.32813,1.75,2.54688,4.03906,0.39063,1.57813,0.24219,0.625,3.71875,1.39844,0.92188,75.75781,68.9375,99.84375,5.7,1.65,1.975
2.42188,1.32813,1.52344,2.54688,4.03906,0.39063,1.57813,0.24219,0.625,3.66406,1.39844,0.92188,75.75781,68.9375,99.84375,5.7,1.65,1.975
2.42188,1.32813,1.52344,2.51563,3.94531,0.39063,1.5625,0.25,0.63281,3.66406,1.39844,0.92188,77.55469,67.5,99.84375,5.7,1.65,1.975
7.52344,1.22656,1.14063,2.51563,3.94531,0.39063,1.5625,0.25,0.63281,3.72656,1.39063,0.92188,77.55469,67.5,99.84375,5.7,1.65,1.975
7.52344,1.22656,1.14063,2.53906,3.96094,0.39063,1.55469,0.25,0.64063,3.72656,1.39063,0.92188,77.10938,65.97656,99.84375,5.7,1.65,1.975
5.8125,2.13281,1.0625,2.53906,3.96094,0.39063,1.55469,0.25,0.64063,3.74219,1.38281,0.92188,77.10938,65.97656,99.84375,5.7,1.65,1.975
5.8125,2.13281,1.0625,2.57813,4.01563,0.38281,1.55469,0.24219,0.64063,3.74219,1.38281,0.92188,76.32813,65.36719,99.84375,5.7,1.65,1.975
3.99219,2.59375,1.09375,2.57813,4.01563,0.38281,1.55469,0.24219,0.64063,3.71094,1.39063,0.92188,76.32813,65.36719,99.84375,5.7,1.65,1.975
3.99219,2.59375,1.09375,2.55469,3.99219,0.39063,1.5625,0.25,0.63281,3.71094,1.39063,0.92188,77.40625,65.36719,99.84375,5.7,1.65,1.975
3.76563,1.84375,1.22656,2.55469,3.99219,0.39063,1.5625,0.25,0.63281,3.66406,1.39063,0.92188,77.40625,65.36719,99.84375,5.7,1.65,1.975
3.76563,1.84375,1.22656,2.52344,3.95313,0.39063,1.5625,0.25,0.63281,3.66406,1.39063,0.92188,78.86719,65.65625,99.84375,5.7,1.65,1.975
5.30469,1.4375,1.21094,2.52344,3.95313,0.39063,1.5625,0.25,0.63281,3.69531,1.39063,0.91406,78.86719,65.65625,99.84375,5.7,1.65,1.975
5.30469,1.4375,1.21094,2.53906,3.97656,0.39063,1.5625,0.25,0.63281,3.69531,1.39063,0.91406,78.375,65.35156,99.84375,5.7,1.65,1.975
4.09375,2.69531,1.16406,2.53906,3.97656,0.39063,1.5625,0.25,0.63281,3.6875,1.39844,0.91406,78.375,65.35156,99.84375,5.7,1.65,1.975
4.09375,2.69531,1.16406,2.52344,3.96094,0.39063,1.5625,0.25,0.63281,3.6875,1.39844,0.91406,78.34375,65.96094,99.84375,5.7,1.65,1.975
5.65625,1.4375,1.13281,2.52344,3.96094,0.39063,1.5625,0.25,0.63281,3.71094,1.40625,0.91406,78.34375,65.96094,99.84375,5.7,1.65,1.975
5.65625,1.4375,1.13281,2.50781,3.95313,0.39063,1.57031,0.25,0.63281,3.71094,1.40625,0.91406,78.60156,65.74219,99.84375,5.7,1.65,1.975
4.89844,1.45313,1.41406,2.50781,3.95313,0.39063,1.57031,0.25,0.63281,3.71875,1.40625,0.91406,78.60156,65.74219,99.84375,5.7,1.65,1.975
4.89844,1.45313,1.41406,2.51563,3.98438,0.39063,1.57813,0.25,0.63281,3.71875,1.40625,0.91406,78.75,64.16406,99.84375,5.7,1.65,1.975
4.20313,1.96875,1.02344,2.51563,3.98438,0.39063,1.57813,0.25,0.63281,3.71094,1.41406,0.90625,78.75,64.16406,99.84375,5.7,1.65,1.975
4.20313,1.96875,1.02344,2.53125,3.99219,0.39063,1.57031,0.25,0.63281,3.71094,1.41406,0.90625,78.67969,63.35938,99.84375,5.7,1.65,1.975
2.67188,1.30469,0.96875,2.53125,3.99219,0.39063,1.57031,0.25,0.63281,3.71094,1.41406,0.90625,78.67969,63.35938,99.84375,5.7,1.65,1.975
2.67188,1.30469,0.96875,2.53125,3.98438,0.39063,1.57031,0.25,0.63281,3.71094,1.41406,0.90625,78.67969,62.84375,99.84375,5.7,1.65,1.975
4.14063,3.17969,1.47656,2.53125,3.98438,0.39063,1.57031,0.25,0.63281,3.69531,1.4375,0.90625,78.67969,62.84375,99.84375,5.7,1.65,1.975
4.14063,3.17969,1.47656,2.48438,3.96094,0.39844,1.58594,0.25,0.625,3.69531,1.4375,0.90625,78.67969,64.07031,99.84375,5.7,1.65,1.975
5.16406,2.83594,0.89844,2.48438,3.96094,0.39844,1.58594,0.25,0.625,3.71875,1.44531,0.90625,78.67969,64.07031,99.84375,5.7,1.65,1.975
5.16406,2.83594,0.89844,2.48438,3.97656,0.39844,1.59375,0.25,0.625,3.71875,1.44531,0.90625,78.39063,64.60938,99.84375,5.7,1.65,1.975
5,1.59375,1.32031,2.48438,3.97656,0.39844,1.59375,0.25,0.625,3.72656,1.4375,0.90625,78.39063,64.60938,99.84375,5.7,1.65,1.975
5,1.59375,1.32031,2.53125,4.01563,0.39063,1.58594,0.24219,0.625,3.72656,1.4375,0.90625,77.99219,63.32031,99.84375,5.7,1.65,1.975
4.86719,1.67188,0.92188,2.53125,4.01563,0.39063,1.58594,0.24219,0.625,3.74219,1.4375,0.90625,77.99219,63.32031,99.84375,5.7,1.65,1.975
4.86719,1.67188,0.92188,2.55469,4.03906,0.38281,1.57813,0.24219,0.63281,3.74219,1.4375,0.90625,77.77344,62.75,99.84375,5.7,1.65,1.975
5.82813,2.07813,1.10156,2.55469,4.03906,0.38281,1.57813,0.24219,0.63281,3.74219,1.4375,0.90625,77.77344,62.75,99.84375,5.7,1.65,1.975
5.82813,2.07813,1.10156,2.55469,4.00781,0.39063,1.5625,0.24219,0.63281,3.74219,1.4375,0.90625,77.92969,62.75,99.84375,5.7,1.65,1.975
2.39063,1.67188,1.35156,2.55469,4.00781,0.39063,1.5625,0.24219,0.63281,3.72656,1.4375,0.90625,77.92969,62.75,99.84375,5.7,1.65,1.975
2.39063,1.67188,1.35156,2.53125,3.96875,0.39063,1.5625,0.25,0.63281,3.72656,1.4375,0.90625,78.88281,62.46094,99.84375,5.7,1.65,1.975
4.80469,2.80469,1.10938,2.53125,3.96875,0.39063,1.5625,0.25,0.63281,3.70313,1.42969,0.90625,78.88281,62.46094,99.84375,5.7,1.65,1.975
4.80469,2.80469,1.10938,2.51563,3.92188,0.39063,1.55469,0.25,0.64063,3.70313,1.42969,0.90625,80.16406,62.46094,99.84375,5.7,1.65,1.975
3.26563,2.25,1.25781,2.51563,3.92188,0.39063,1.55469,0.25,0.64063,3.70313,1.42969,0.90625,80.16406,62.46094,99.84375,5.7,1.65,1.975
3.26563,2.25,1.25781,2.51563,3.96094,0.39063,1.57031,0.25,0.63281,3.70313,1.42969,0.90625,80.16406,62.70313,99.84375,5.7,1.65,1.975
4.70313,2.03906,1.14063,2.51563,3.96094,0.39063,1.57031,0.25,0.63281,3.70313,1.4375,0.90625,80.16406,62.70313,99.84375,5.7,1.65,1.975
4.70313,2.03906,1.14063,2.52344,3.96875,0.39063,1.57031,0.25,0.63281,3.70313,1.4375,0.90625,80.10156,64.03906,99.84375,5.7,1.65,1.975
6.03906,2.4375,1.23438,2.52344,3.96875,0.39063,1.57031,0.25,0.63281,3.70313,1.44531,0.90625,80.10156,64.03906,99.84375,5.7,1.65,1.975
6.03906,2.4375,1.23438,2.51563,3.97656,0.39063,1.57813,0.25,0.63281,3.70313,1.44531,0.90625,79.95313,64.35156,99.84375,5.7,1.65,1.975
3.13281,1.67188,1.67188,2.51563,3.97656,0.39063,1.57813,0.25,0.63281,3.67969,1.4375,0.90625,79.95313,64.35156,99.84375,5.7,1.65,1.975
3.13281,1.67188,1.67188,2.50781,3.95313,0.39063,1.57031,0.25,0.63281,3.67969,1.4375,0.90625,80.60156,63.42188,99.84375,5.7,1.65,1.975
3.3125,1.39063,1.41406,2.50781,3.95313,0.39063,1.57031,0.25,0.63281,3.67969,1.42969,0.91406,80.60156,63.42188,99.84375,5.7,1.65,1.975
3.3125,1.39063,1.41406,2.53125,3.91406,0.39063,1.54688,0.25,0.64063,3.67969,1.42969,0.91406,80.60156,62.05469,99.84375,5.7,1.65,1.975
6.60156,1.82813,0.94531,2.53125,3.91406,0.39063,1.54688,0.25,0.64063,3.69531,1.42969,0.91406,80.60156,62.05469,99.84375,5.7,1.65,1.975
6.60156,1.82813,0.94531,2.53906,3.92969,0.39063,1.54688,0.25,0.64063,3.69531,1.42969,0.91406,79.36719,62.21094,99.84375,5.7,1.65,1.975
5.35938,2.14844,1.52344,2.53906,3.92969,0.39063,1.54688,0.25,0.64063,3.6875,1.42969,0.90625,79.36719,62.21094,99.84375,5.7,1.65,1.975
5.35938,2.14844,1.52344,2.54688,3.94531,0.39063,1.54688,0.25,0.64063,3.6875,1.42969,0.90625,79.14063,62.46875,99.84375,5.7,1.65,1.975
1.89844,1.39844,1.6875,2.54688,3.94531,0.39063,1.54688,0.25,0.64063,3.69531,1.4375,0.90625,79.14063,62.46875,99.84375,5.7,1.65,1.975
1.89844,1.39844,1.6875,2.53125,3.92188,0.39063,1.54688,0.25,0.64063,3.69531,1.4375,0.90625,79.14063,62.21094,99.84375,5.7,1.65,1.975
3.8125,1.35156,1.26563,2.53125,3.92188,0.39063,1.54688,0.25,0.64063,3.69531,1.42969,0.90625,79.14063,62.21094,99.84375,5.7,1.65,1.975
3.8125,1.35156,1.26563,2.54688,3.88281,0.39063,1.52344,0.25,0.64844,3.69531,1.42969,0.90625,79.14063,61.17188,99.84375,5.7,1.65,1.975
5.96875,2.13281,1.07031,2.54688,3.88281,0.39063,1.52344,0.25,0.64844,3.73438,1.42969,0.90625,79.14063,61.17188,99.84375,5.7,1.65,1.975
5.96875,2.13281,1.07031,2.53906,3.86719,0.39063,1.51563,0.25781,0.65625,3.73438,1.42969,0.90625,78.89844,61.21094,99.84375,5.7,1.65,1.975
3.74219,2.42969,1.19531,2.53906,3.86719,0.39063,1.51563,0.25781,0.65625,3.73438,1.44531,0.91406,78.89844,61.21094,99.84375,5.7,1.65,1.975
3.74219,2.42969,1.19531,2.53906,3.88281,0.39063,1.52344,0.25,0.64844,3.73438,1.44531,0.91406,78.59375,62.41406,99.84375,5.7,1.65,1.975
3.82813,1.40625,1.10938,2.53906,3.88281,0.39063,1.52344,0.25,0.64844,3.75,1.44531,0.91406,78.59375,62.41406,99.84375,5.7,1.65,1.975
3.82813,1.40625,1.10938,2.53125,3.88281,0.39063,1.53125,0.25,0.64844,3.75,1.44531,0.91406,78.59375,63.32031,99.84375,5.7,1.65,1.975
3.59375,1.4375,1.14844,2.53125,3.88281,0.39063,1.53125,0.25,0.64844,3.70313,1.4375,0.91406,78.59375,63.32031,99.84375,5.7,1.65,1.975
3.59375,1.4375,1.14844,2.50781,3.85156,0.39844,1.53125,0.25781,0.64844,3.70313,1.4375,0.91406,79.71875,63.50781,99.84375,5.7,1.65,1.975
8.13281,2.21875,1.75,2.50781,3.85156,0.39844,1.53125,0.25781,0.64844,3.80469,1.44531,0.91406,79.71875,63.50781,99.84375,5.7,1.65,1.975
8.13281,2.21875,1.75,2.50781,3.82813,0.39063,1.52344,0.25781,0.64844,3.80469,1.44531,0.91406,79.375,64.10156,99.84375,5.7,1.65,1.975
3.78906,2.73438,1.74219,2.50781,3.82813,0.39063,1.52344,0.25781,0.64844,3.82031,1.45313,0.92969,79.375,64.10156,99.84375,5.7,1.65,1.975
3.78906,2.73438,1.74219,2.49219,3.8125,0.39844,1.52344,0.25781,0.64844,3.82031,1.45313,0.92969,79.02344,65,99.70313,5.7,1.65,1.975
5.71094,2.70313,4.21094,2.49219,3.8125,0.39844,1.52344,0.25781,0.64844,3.85156,1.46875,1.07813,79.02344,65,99.70313,5.7,1.65,1.975
5.71094,2.70313,4.21094,2.46094,3.71875,0.39844,1.50781,0.26563,0.65625,3.85156,1.46875,1.07813,78.67188,66.50781,98.00781,5.7,1.65,1.975
4.74219,1.66406,1.86719,2.46094,3.71875,0.39844,1.50781,0.26563,0.65625,3.85938,1.46094,1.10156,78.67188,66.50781,98.00781,5.7,1.65,1.975
4.74219,1.66406,1.86719,2.47656,3.66406,0.39844,1.46875,0.26563,0.67188,3.85938,1.46094,1.10156,78.28125,65.8125,96.85938,5.7,1.65,1.975
4.03906,1.17969,0.9375,2.47656,3.66406,0.39844,1.46875,0.26563,0.67188,3.83594,1.46094,1.10156,78.28125,65.8125,96.85938,5.7,1.65,1.975
4.03906,1.17969,0.9375,2.46094,3.67188,0.39844,1.48438,0.26563,0.66406,3.83594,1.46094,1.10156,78.86719,65.94531,96.85938,5.7,1.65,1.975
6.14844,1.07813,0.96094,2.46094,3.67188,0.39844,1.48438,0.26563,0.66406,3.84375,1.46094,1.08594,78.86719,65.94531,96.85938,5.7,1.65,1.975
6.14844,1.07813,0.96094,2.45313,3.67969,0.40625,1.5,0.26563,0.66406,3.84375,1.46094,1.08594,79.59375,65.94531,97.00781,5.7,1.65,1.975
4.50781,2.00781,1.25,2.45313,3.67969,0.40625,1.5,0.26563,0.66406,3.83594,1.46094,1.08594,79.59375,65.94531,97.00781,5.7,1.65,1.975
4.50781,2.00781,1.25,2.45313,3.71875,0.40625,1.50781,0.26563,0.65625,3.83594,1.46094,1.08594,78.96875,67.1875,97.00781,5.7,1.65,1.975
4.375,1.83594,1.13281,2.45313,3.71875,0.40625,1.50781,0.26563,0.65625,3.77344,1.46094,1.08594,78.96875,67.1875,97.00781,5.7,1.65,1.975
4.375,1.83594,1.13281,2.4375,3.67188,0.40625,1.5,0.26563,0.65625,3.77344,1.46094,1.08594,79.88281,66.97656,97.00781,5.7,1.65,1.975
3.85156,1.45313,1.01563,2.4375,3.67188,0.40625,1.5,0.26563,0.65625,3.72656,1.46094,1.08594,79.88281,66.97656,97.00781,5.7,1.65,1.975
3.85156,1.45313,1.01563,2.40625,3.64063,0.41406,1.50781,0.27344,0.65625,3.72656,1.46094,1.08594,81.5625,67.33594,97.00781,5.7,1.65,1.975
4.89063,2.17188,0.89844,2.40625,3.64063,0.41406,1.50781,0.27344,0.65625,3.65625,1.46094,1.07813,81.5625,67.33594,97.00781,5.7,1.65,1.975
4.89063,2.17188,0.89844,2.375,3.58594,0.41406,1.50781,0.27344,0.65625,3.65625,1.46094,1.07813,83.24219,67.69531,97.00781,5.7,1.65,1.975
4.14844,1.83594,0.82031,2.375,3.58594,0.41406,1.50781,0.27344,0.65625,3.64844,1.46094,1.07813,83.24219,67.69531,97.00781,5.7,1.65,1.975
4.14844,1.83594,0.82031,2.35156,3.58594,0.42188,1.51563,0.27344,0.65625,3.64844,1.46094,1.07813,83.86719,67.42188,97.00781,5.7,1.65,1.975
7.10156,2.41406,1.40625,2.35156,3.58594,0.42188,1.51563,0.27344,0.65625,3.67969,1.46875,1.07813,83.86719,67.42188,97.00781,5.7,1.65,1.975
7.10156,2.41406,1.40625,2.36719,3.58594,0.41406,1.50781,0.27344,0.65625,3.67969,1.46875,1.07813,82.82813,66.875,97.00781,5.7,1.65,1.975
4.54688,2.10156,1.10156,2.36719,3.58594,0.41406,1.50781,0.27344,0.65625,3.66406,1.46875,1.07813,82.82813,66.875,97.00781,5.7,1.65,1.975
4.54688,2.10156,1.10156,2.375,3.58594,0.41406,1.50781,0.27344,0.65625,3.66406,1.46875,1.07813,82.36719,66.875,97.00781,5.7,1.65,1.975
5.08594,1.41406,1.22656,2.375,3.58594,0.41406,1.50781,0.27344,0.65625,3.67969,1.45313,1.08594,82.36719,66.875,97.00781,5.7,1.65,1.975
5.08594,1.41406,1.22656,2.39063,3.57813,0.41406,1.49219,0.27344,0.66406,3.67969,1.45313,1.08594,82.36719,66.41406,97.00781,5.7,1.65,1.975
3.45313,1.5,0.96875,2.39063,3.57813,0.41406,1.49219,0.27344,0.66406,3.63281,1.45313,1.08594,82.36719,66.41406,97.00781,5.7,1.65,1.975
3.45313,1.5,0.96875,2.36719,3.57813,0.42188,1.50781,0.27344,0.65625,3.63281,1.45313,1.08594,83.25,66.41406,97.00781,5.7,1.65,1.975
5.38281,2.6875,1.14063,2.36719,3.57813,0.42188,1.50781,0.27344,0.65625,3.64063,1.47656,1.07813,83.25,66.41406,97.00781,5.7,1.65,1.975
5.38281,2.6875,1.14063,2.36719,3.59375,0.42188,1.51563,0.27344,0.65625,3.64063,1.47656,1.07813,82.89063,66.42969,97.00781,5.7,1.65,1.975
5.11719,1.80469,1.08594,2.36719,3.59375,0.42188,1.51563,0.27344,0.65625,3.65625,1.46094,1.07813,82.89063,66.42969,97.00781,5.7,1.65,1.975
5.11719,1.80469,1.08594,2.38281,3.64844,0.41406,1.52344,0.27344,0.64844,3.65625,1.46094,1.07813,82.26563,66.21875,97.00781,5.7,1.65,1.975
5.20313,2.125,0.96875,2.38281,3.64844,0.41406,1.52344,0.27344,0.64844,3.64844,1.46094,1.07813,82.26563,66.21875,97.00781,5.7,1.65,1.975
5.20313,2.125,0.96875,2.38281,3.64063,0.41406,1.52344,0.27344,0.64844,3.64844,1.46094,1.07813,82.67188,66.21875,97.00781,5.7,1.65,1.975
4.70313,2.10156,1.32813,2.38281,3.64063,0.41406,1.52344,0.27344,0.64844,3.625,1.46094,1.07813,82.67188,66.21875,97.00781,5.7,1.65,1.975
4.70313,2.10156,1.32813,2.375,3.63281,0.41406,1.52344,0.27344,0.64844,3.625,1.46094,1.07813,83.24219,66.44531,97.00781,5.7,1.65,1.975
5.72656,1.875,0.8125,2.375,3.63281,0.41406,1.52344,0.27344,0.64844,3.64063,1.46094,1.07031,83.24219,66.44531,97.00781,5.7,1.65,1.975
5.72656,1.875,0.8125,2.38281,3.67188,0.41406,1.53125,0.26563,0.64844,3.64063,1.46094,1.07031,82.51563,66.4375,97.00781,5.7,1.65,1.975
4.72656,1.80469,1.08594,2.38281,3.67188,0.41406,1.53125,0.26563,0.64844,3.65625,1.4375,1.07031,82.51563,66.4375,97.00781,5.7,1.65,1.975
4.72656,1.80469,1.08594,2.41406,3.6875,0.40625,1.52344,0.26563,0.64844,3.65625,1.4375,1.07031,82.17969,66.05469,97.00781,5.7,1.65,1.975
4.17969,1.1875,1.15625,2.41406,3.6875,0.40625,1.52344,0.26563,0.64844,3.66406,1.42969,1.07813,82.17969,66.05469,97.00781,5.7,1.65,1.975
4.17969,1.1875,1.15625,2.42969,3.65625,0.40625,1.5,0.26563,0.66406,3.66406,1.42969,1.07813,82.17969,64.64844,97.00781,5.7,1.65,1.975
4.40625,1.45313,0.95313,2.42969,3.65625,0.40625,1.5,0.26563,0.66406,3.66406,1.42969,1.07031,82.17969,64.64844,97.00781,5.7,1.65,1.975
4.40625,1.45313,0.95313,2.4375,3.67969,0.40625,1.5,0.26563,0.65625,3.66406,1.42969,1.07031,82.17969,63.55469,97.00781,5.7,1.65,1.975
3.89844,2.79688,0.96875,2.4375,3.67969,0.40625,1.5,0.26563,0.65625,3.67188,1.4375,1.07031,82.17969,63.55469,97.00781,5.7,1.65,1.975
3.89844,2.79688,0.96875,2.42188,3.6875,0.40625,1.51563,0.26563,0.65625,3.67188,1.4375,1.07031,82.17969,64.57031,97.00781,5.7,1.65,1.975
3.25781,2.24219,1.5625,2.42188,3.6875,0.40625,1.51563,0.26563,0.65625,3.67188,1.44531,1.07813,82.17969,64.57031,97.00781,5.7,1.65,1.975
3.25781,2.24219,1.5625,2.40625,3.66406,0.41406,1.51563,0.26563,0.65625,3.67188,1.44531,1.07813,82.17969,66.13281,97.00781,5.7,1.65,1.975
4.22656,2.42969,1.42969,2.40625,3.66406,0.41406,1.51563,0.26563,0.65625,3.65625,1.44531,1.07813,82.17969,66.13281,97.00781,5.7,1.65,1.975
4.22656,2.42969,1.42969,2.39063,3.66406,0.41406,1.52344,0.26563,0.64844,3.65625,1.44531,1.07813,82.29688,66.13281,97.00781,5.7,1.65,1.975
5.73438,2.23438,1.29688,2.39063,3.66406,0.41406,1.52344,0.26563,0.64844,3.69531,1.46094,1.08594,82.29688,66.13281,97.00781,5.7,1.65,1.975
5.73438,2.23438,1.29688,2.40625,3.67969,0.41406,1.52344,0.26563,0.64844,3.69531,1.46094,1.08594,81.67188,66.13281,97.00781,5.7,1.65,1.975
5.39844,1.92969,1.17188,2.40625,3.67969,0.41406,1.52344,0.26563,0.64844,3.67188,1.46094,1.07813,81.67188,66.13281,97.00781,5.7,1.65,1.975
5.39844,1.92969,1.17188,2.39844,3.67969,0.41406,1.53125,0.26563,0.64844,3.67188,1.46094,1.07813,81.79688,66.97656,97.00781,5.7,1.65,1.975
5.89844,1.42969,1.60938,2.39844,3.67969,0.41406,1.53125,0.26563,0.64844,3.69531,1.46094,1.07813,81.79688,66.97656,97.00781,5.7,1.65,1.975
5.89844,1.42969,1.60938,2.41406,3.73438,0.40625,1.53906,0.26563,0.64063,3.69531,1.46094,1.07813,80.71875,67.65625,97.00781,5.7,1.65,1.975
4.71875,1.71875,1.23438,2.41406,3.73438,0.40625,1.53906,0.26563,0.64063,3.64063,1.46094,1.07813,80.71875,67.65625,97.00781,5.7,1.65,1.975
4.71875,1.71875,1.23438,2.39844,3.69531,0.41406,1.53906,0.26563,0.64844,3.64063,1.46094,1.07813,81.49219,68.33594,97.00781,5.7,1.65,1.975
4.46875,1.88281,1.17969,2.39844,3.69531,0.41406,1.53906,0.26563,0.64844,3.63281,1.46094,1.07813,81.49219,68.33594,97.00781,5.7,1.65,1.975
4.46875,1.88281,1.17969,2.36719,3.66406,0.42188,1.53906,0.26563,0.64063,3.63281,1.46094,1.07813,82.8125,68.78906,97.00781,5.7,1.65,1.975
4.33594,1.70313,1.55469,2.36719,3.66406,0.42188,1.53906,0.26563,0.64063,3.63281,1.44531,1.08594,82.8125,68.78906,97.00781,5.7,1.65,1.975
4.33594,1.70313,1.55469,2.39844,3.64063,0.41406,1.51563,0.27344,0.65625,3.63281,1.44531,1.08594,82.8125,68.03125,97.00781,5.7,1.65,1.975
4.34375,1.92188,1.53906,2.39844,3.64063,0.41406,1.51563,0.27344,0.65625,3.64063,1.45313,1.08594,82.8125,68.03125,97.00781,5.7,1.65,1.975
4.34375,1.92188,1.53906,2.40625,3.63281,0.41406,1.50781,0.27344,0.65625,3.64063,1.45313,1.08594,82.8125,68.32031,97.00781,5.7,1.65,1.975
4.17969,2.19531,0.90625,2.40625,3.63281,0.41406,1.50781,0.27344,0.65625,3.61719,1.45313,1.07813,82.8125,68.32031,97.00781,5.7,1.65,1.975
4.17969,2.19531,0.90625,2.375,3.64063,0.41406,1.52344,0.27344,0.64844,3.61719,1.45313,1.07813,83.14844,69.94531,97.00781,5.7,1.65,1.975
2.71875,1.89063,1.14844,2.375,3.64063,0.41406,1.52344,0.27344,0.64844,3.625,1.44531,1.07813,83.14844,69.94531,97.00781,5.7,1.65,1.975
2.71875,1.89063,1.14844,2.375,3.61719,0.41406,1.52344,0.27344,0.64844,3.625,1.44531,1.07813,83.34375,69.91406,97.00781,5.7,1.65,1.975
3.52344,3.44531,1.17969,2.375,3.61719,0.41406,1.52344,0.27344,0.64844,3.59375,1.47656,1.07813,83.34375,69.91406,97.00781,5.7,1.65,1.975
3.52344,3.44531,1.17969,2.34375,3.60938,0.42188,1.53125,0.27344,0.64844,3.59375,1.47656,1.07813,83.53906,70.52344,97.00781,5.7,1.65,1.975
3.32813,1.54688,1.15625,2.34375,3.60938,0.42188,1.53125,0.27344,0.64844,3.57031,1.46875,1.07813,83.53906,70.52344,97.00781,5.7,1.65,1.975
3.32813,1.54688,1.15625,2.32031,3.58594,0.42969,1.53906,0.27344,0.64063,3.57031,1.46875,1.07813,84.02344,71.54688,97.00781,5.7,1.65,1.975
4.67969,2.60938,1.16406,2.32031,3.58594,0.42969,1.53906,0.27344,0.64063,3.57813,1.47656,1.07813,84.02344,71.54688,97.00781,5.7,1.65,1.975
4.67969,2.60938,1.16406,2.29688,3.57813,0.42969,1.55469,0.27344,0.64063,3.57813,1.47656,1.07813,84.16406,72.57813,97.00781,5.7,1.65,1.975
5.10156,2.0625,1.05469,2.29688,3.57813,0.42969,1.55469,0.27344,0.64063,3.60156,1.48438,1.07813,84.16406,72.57813,97.00781,5.7,1.65,1.975
5.10156,2.0625,1.05469,2.30469,3.60156,0.42969,1.55469,0.27344,0.63281,3.60156,1.48438,1.07813,84.16406,73.08594,97.00781,5.7,1.65,1.975
4.03906,2.54688,1.17969,2.30469,3.60156,0.42969,1.55469,0.27344,0.63281,3.59375,1.46875,1.07813,84.16406,73.08594,97.00781,5.7,1.65,1.975
4.03906,2.54688,1.17969,2.32813,3.64063,0.42188,1.5625,0.27344,0.63281,3.59375,1.46875,1.07813,84.16406,73.08594,97.00781,5.7,1.65,1.975
4.01563,1.57813,1.25,2.32813,3.64063,0.42188,1.5625,0.27344,0.63281,3.59375,1.46094,1.07813,84.16406,73.08594,97.00781,5.7,1.65,1.975
4.01563,1.57813,1.25,2.33594,3.60938,0.42188,1.53906,0.27344,0.64063,3.59375,1.46094,1.07813,84.21875,72.47656,97.00781,5.7,1.65,1.975
4.42969,2,1.10156,2.33594,3.60938,0.42188,1.53906,0.27344,0.64063,3.57813,1.46094,1.07813,84.21875,72.47656,97.00781,5.7,1.65,1.975
4.42969,2,1.10156,2.33594,3.60156,0.42188,1.53906,0.27344,0.64063,3.57813,1.46094,1.07813,84.85156,73.10938,97.00781,5.7,1.65,1.975
5.13281,2.30469,1.26563,2.33594,3.60156,0.42188,1.53906,0.27344,0.64063,3.57031,1.46094,1.08594,84.85156,73.10938,97.00781,5.7,1.65,1.975
5.13281,2.30469,1.26563,2.3125,3.59375,0.42969,1.55469,0.27344,0.64063,3.57031,1.46094,1.08594,84.85156,73.82813,97.00781,5.7,1.65,1.975
4.19531,1.97656,1.55469,2.3125,3.59375,0.42969,1.55469,0.27344,0.64063,3.53906,1.46094,1.09375,84.85156,73.82813,97.00781,5.7,1.65,1.975
4.19531,1.97656,1.55469,2.29688,3.54688,0.42969,1.53906,0.28125,0.64063,3.53906,1.46094,1.09375,86.21094,73.57031,97.00781,5.7,1.65,1.975
5.76563,2.10938,1.57031,2.29688,3.54688,0.42969,1.53906,0.28125,0.64063,3.55469,1.46094,1.09375,86.21094,73.57031,97.00781,5.7,1.65,1.975
5.76563,2.10938,1.57031,2.32031,3.5625,0.42969,1.53125,0.27344,0.64844,3.55469,1.46094,1.09375,84.92188,73.83594,97.00781,5.7,1.65,1.975
6.00781,2.21094,1.27344,2.32031,3.5625,0.42969,1.53125,0.27344,0.64844,3.5625,1.46094,1.09375,84.92188,73.83594,97.00781,5.7,1.65,1.975
6.00781,2.21094,1.27344,2.32813,3.57813,0.42188,1.53125,0.27344,0.64844,3.5625,1.46094,1.09375,83.82813,73.86719,97.00781,5.7,1.65,1.975
5.60938,2.13281,1.02344,2.32813,3.57813,0.42188,1.53125,0.27344,0.64844,3.57813,1.46094,1.09375,83.82813,73.86719,97.00781,5.7,1.65,1.975
5.60938,2.13281,1.02344,2.35156,3.60938,0.42188,1.52344,0.27344,0.64844,3.57813,1.46094,1.09375,82.85938,73.57031,97.00781,5.7,1.65,1.975
4.98438,2.84375,1.42188,2.35156,3.60938,0.42188,1.52344,0.27344,0.64844,3.57813,1.46875,1.10156,82.85938,73.57031,97.00781,5.7,1.65,1.975
4.98438,2.84375,1.42188,2.35156,3.61719,0.42188,1.53125,0.27344,0.64844,3.57813,1.46875,1.10156,82.60938,73.21094,97.00781,5.7,1.65,1.975
2.92969,2.05469,1.10938,2.35156,3.61719,0.42188,1.53125,0.27344,0.64844,3.5625,1.46875,1.10938,82.60938,73.21094,97.00781,5.7,1.65,1.975
2.92969,2.05469,1.10938,2.33594,3.58594,0.42188,1.53125,0.27344,0.64844,3.5625,1.46875,1.10938,83.05469,73.21094,97.00781,5.7,1.65,1.975
7.375,1.8125,1.35156,2.33594,3.58594,0.42188,1.53125,0.27344,0.64844,3.59375,1.46875,1.10156,83.05469,73.21094,97.00781,5.7,1.65,1.975
7.375,1.8125,1.35156,2.35156,3.64063,0.42188,1.53906,0.27344,0.64063,3.59375,1.46875,1.10156,81.875,73.74219,97.00781,5.7,1.65,1.975
4.96875,1.67188,1.40625,2.35156,3.64063,0.42188,1.53906,0.27344,0.64063,3.60156,1.46875,1.10156,81.875,73.74219,97.00781,5.7,1.65,1.975
4.96875,1.67188,1.40625,2.35156,3.66406,0.42188,1.55469,0.26563,0.64063,3.60156,1.46875,1.10156,81.4375,74.76563,97.00781,5.7,1.65,1.975
4.60156,1.85156,1.08594,2.35156,3.66406,0.42188,1.55469,0.26563,0.64063,3.57813,1.46875,1.10938,81.4375,74.76563,97.00781,5.7,1.65,1.975
4.60156,1.85156,1.08594,2.35156,3.65625,0.42188,1.54688,0.27344,0.64063,3.57813,1.46875,1.10938,82.23438,74.28906,97.00781,5.7,1.65,1.975
5.07813,2.86719,1.17188,2.35156,3.65625,0.42188,1.54688,0.27344,0.64063,3.61719,1.49219,1.10156,82.23438,74.28906,97.00781,5.7,1.65,1.975
5.07813,2.86719,1.17188,2.33594,3.65625,0.42188,1.5625,0.27344,0.63281,3.61719,1.49219,1.10156,81.54688,74.59375,97.00781,5.7,1.65,1.975
5.32813,1.92969,0.86719,2.33594,3.65625,0.42188,1.5625,0.27344,0.63281,3.64063,1.49219,1.09375,81.54688,74.59375,97.00781,5.7,1.65,1.975
5.32813,1.92969,0.86719,2.35156,3.70313,0.42188,1.57031,0.26563,0.63281,3.64063,1.49219,1.09375,81.54688,74.78125,97.00781,5.7,1.65,1.975
3.99219,1.82813,1.26563,2.35156,3.70313,0.42188,1.57031,0.26563,0.63281,3.64063,1.49219,1.09375,81.54688,74.78125,97.00781,5.7,1.65,1.975
3.99219,1.82813,1.26563,2.34375,3.74219,0.42188,1.59375,0.26563,0.625,3.64063,1.49219,1.09375,81.54688,76.08594,97.00781,5.7,1.65,1.975
1.625,1.75781,0.95313,2.34375,3.74219,0.42188,1.59375,0.26563,0.625,3.63281,1.49219,1.09375,81.54688,76.08594,97.00781,5.7,1.65,1.975
1.625,1.75781,0.95313,2.32031,3.70313,0.42969,1.59375,0.26563,0.625,3.63281,1.49219,1.09375,81.79688,76.44531,97.00781,5.7,1.65,1.975
4.60156,2.48438,1.27344,2.32031,3.70313,0.42969,1.59375,0.26563,0.625,3.61719,1.49219,1.09375,81.79688,76.44531,97.00781,5.7,1.65,1.975
4.60156,2.48438,1.27344,2.3125,3.69531,0.42969,1.59375,0.26563,0.625,3.61719,1.49219,1.09375,82.10156,76.44531,97.00781,5.7,1.65,1.975
4.8125,1.875,0.98438,2.3125,3.69531,0.42969,1.59375,0.26563,0.625,3.61719,1.48438,1.09375,82.10156,76.44531,97.00781,5.7,1.65,1.975
4.8125,1.875,0.98438,2.32031,3.71094,0.42969,1.59375,0.26563,0.625,3.61719,1.48438,1.09375,81.90625,76.98438,97.00781,5.7,1.65,1.975
4.4375,2.05469,1.07813,2.32031,3.71094,0.42969,1.59375,0.26563,0.625,3.625,1.49219,1.09375,81.90625,76.98438,97.00781,5.7,1.65,1.975
4.4375,2.05469,1.07813,2.32813,3.72656,0.42188,1.60156,0.26563,0.61719,3.625,1.49219,1.09375,81.90625,78.14844,97.00781,5.7,1.65,1.975
7.15625,1.57813,1.64063,2.32813,3.72656,0.42188,1.60156,0.26563,0.61719,3.59375,1.48438,1.09375,81.90625,78.14844,97.00781,5.7,1.65,1.975
7.15625,1.57813,1.64063,2.32813,3.75781,0.42188,1.60938,0.26563,0.61719,3.59375,1.48438,1.09375,81.29688,78.3125,97.00781,5.7,1.65,1.975
2.67188,2.49219,1.51563,2.32813,3.75781,0.42188,1.60938,0.26563,0.61719,3.52344,1.48438,1.07813,81.29688,78.3125,97.00781,5.7,1.65,1.975
2.67188,2.49219,1.51563,2.30469,3.71875,0.42969,1.60938,0.26563,0.61719,3.52344,1.48438,1.07813,82.20313,78.3125,97.00781,5.7,1.65,1.975
2.80469,2.30469,1.11719,2.30469,3.71875,0.42969,1.60938,0.26563,0.61719,3.48438,1.48438,0.9375,82.20313,78.3125,97.00781,5.7,1.65,1.975
2.80469,2.30469,1.11719,2.30469,3.82031,0.42969,1.65625,0.25781,0.60156,3.48438,1.48438,0.9375,82.375,78.3125,98.67188,5.7,1.65,1.975
5.99219,1.64844,1.76563,2.30469,3.82031,0.42969,1.65625,0.25781,0.60156,3.51563,1.47656,0.89844,82.375,78.3125,98.67188,5.7,1.65,1.975
5.99219,1.64844,1.76563,2.32031,3.90625,0.42969,1.67969,0.25,0.59375,3.51563,1.47656,0.89844,81.91406,78.78906,99.64844,5.7,1.65,1.975
5.03125,1.77344,1.14063,2.32031,3.90625,0.42969,1.67969,0.25,0.59375,3.51563,1.47656,0.90625,81.91406,78.78906,99.64844,5.7,1.65,1.975
5.03125,1.77344,1.14063,2.30469,3.875,0.42969,1.67969,0.25,0.59375,3.51563,1.47656,0.90625,81.91406,79.53125,99.64844,5.7,1.65,1.975
4.6875,2.14844,1.1875,2.30469,3.875,0.42969,1.67969,0.25,0.59375,3.50781,1.47656,0.90625,81.91406,79.53125,99.64844,5.7,1.65,1.975
4.6875,2.14844,1.1875,2.28906,3.85156,0.42969,1.67969,0.25781,0.59375,3.50781,1.47656,0.90625,82.03906,81.21875,99.64844,5.7,1.65,1.975
3.24219,1.875,1.08594,2.28906,3.85156,0.42969,1.67969,0.25781,0.59375,3.5,1.47656,0.91406,82.03906,81.21875,99.64844,5.7,1.65,1.975
3.24219,1.875,1.08594,2.26563,3.82813,0.4375,1.6875,0.25781,0.58594,3.5,1.47656,0.91406,82.88281,81.85938,99.64844,5.7,1.65,1.975
7.03906,2.71094,1.61719,2.26563,3.82813,0.4375,1.6875,0.25781,0.58594,3.53125,1.49219,0.91406,82.88281,81.85938,99.64844,5.7,1.65,1.975
7.03906,2.71094,1.61719,2.27344,3.85938,0.4375,1.6875,0.25781,0.58594,3.53125,1.49219,0.91406,81.75781,82.05469,99.64844,5.7,1.65,1.975
5.35938,2.55469,0.875,2.27344,3.85938,0.4375,1.6875,0.25781,0.58594,3.54688,1.49219,0.91406,81.75781,82.05469,99.64844,5.7,1.65,1.975
5.35938,2.55469,0.875,2.27344,3.88281,0.4375,1.70313,0.25,0.57813,3.54688,1.49219,0.91406,80.75,83.46875,99.64844,5.7,1.65,1.975
4.875,1.78906,1.14844,2.27344,3.88281,0.4375,1.70313,0.25,0.57813,3.55469,1.49219,0.92188,80.75,83.46875,99.64844,5.7,1.65,1.975
4.875,1.78906,1.14844,2.27344,3.85938,0.4375,1.69531,0.25781,0.58594,3.55469,1.49219,0.92188,80.53125,83.14063,99.64844,5.7,1.65,1.975
5.14844,1.17188,1.25781,2.27344,3.85938,0.4375,1.69531,0.25781,0.58594,3.5625,1.49219,0.92969,80.53125,83.14063,99.64844,5.7,1.65,1.975
5.14844,1.17188,1.25781,2.30469,3.85156,0.42969,1.67188,0.25781,0.59375,3.5625,1.49219,0.92969,79.90625,81.51563,99.64844,5.7,1.65,1.975
3.97656,1.64844,1.07031,2.30469,3.85156,0.42969,1.67188,0.25781,0.59375,3.52344,1.48438,0.92969,79.90625,81.51563,99.64844,5.7,1.65,1.975
3.97656,1.64844,1.07031,2.28125,3.84375,0.4375,1.67969,0.25781,0.59375,3.52344,1.48438,0.92969,81.17969,81.72656,99.64844,5.7,1.65,1.975
4.54688,1.35156,0.84375,2.28125,3.84375,0.4375,1.67969,0.25781,0.59375,3.51563,1.47656,0.92969,81.17969,81.72656,99.64844,5.7,1.65,1.975
4.54688,1.35156,0.84375,2.28906,3.82813,0.42969,1.66406,0.25781,0.59375,3.51563,1.47656,0.92969,81.79688,80.05469,99.64844,5.7,1.65,1.975
4.71094,0.74219,0.99219,2.28906,3.82813,0.42969,1.66406,0.25781,0.59375,3.51563,1.48438,0.92188,81.79688,80.05469,99.64844,5.7,1.65,1.975
4.71094,0.74219,0.99219,2.29688,3.84375,0.42969,1.66406,0.25781,0.59375,3.51563,1.48438,0.92188,81.76563,79.01563,99.64844,5.7,1.65,1.975
6.03906,1.95313,0.8125,2.29688,3.84375,0.42969,1.66406,0.25781,0.59375,3.5625,1.48438,0.92188,81.76563,79.01563,99.64844,5.7,1.65,1.975
6.03906,1.95313,0.8125,2.3125,3.90625,0.42969,1.67969,0.25,0.58594,3.5625,1.48438,0.92188,80.82031,79.82031,99.64844,5.7,1.65,1.975
4.48438,1.25,1.07031,2.3125,3.90625,0.42969,1.67969,0.25,0.58594,3.57031,1.46094,0.92969,80.82031,79.82031,99.64844,5.7,1.65,1.975
4.48438,1.25,1.07031,2.33594,3.88281,0.42188,1.65625,0.25,0.60156,3.57031,1.46094,0.92969,80.35156,79.19531,99.64844,5.7,1.65,1.975
3.80469,1.4375,1.26563,2.33594,3.88281,0.42188,1.65625,0.25,0.60156,3.5625,1.45313,0.92969,80.35156,79.19531,99.64844,5.7,1.65,1.975
3.80469,1.4375,1.26563,2.33594,3.85938,0.42188,1.64844,0.25781,0.60156,3.5625,1.45313,0.92969,81.13281,78.11719,99.64844,5.7,1.65,1.975
2.07813,2.85938,1.24219,2.33594,3.85938,0.42188,1.64844,0.25781,0.60156,3.5625,1.46875,0.92969,81.13281,78.11719,99.64844,5.7,1.65,1.975
2.07813,2.85938,1.24219,2.3125,3.82813,0.42969,1.64844,0.25781,0.60156,3.5625,1.46875,0.92969,81.13281,78.17188,99.64844,5.7,1.65,1.975
5.51563,1.83594,0.96875,2.3125,3.82813,0.42969,1.64844,0.25781,0.60156,3.57031,1.46875,0.92969,81.13281,78.17188,99.64844,5.7,1.65,1.975
5.51563,1.83594,0.96875,2.29688,3.8125,0.42969,1.65625,0.25781,0.60156,3.57031,1.46875,0.92969,81.75,77.75,99.64844,5.7,1.65,1.975
3.375,2.82031,1.21875,2.29688,3.8125,0.42969,1.65625,0.25781,0.60156,3.54688,1.47656,0.92969,81.75,77.75,99.64844,5.7,1.65,1.975
3.375,2.82031,1.21875,2.28125,3.79688,0.4375,1.65625,0.25781,0.60156,3.54688,1.47656,0.92969,82.38281,77.46094,99.64844,5.7,1.65,1.975
4.64844,2.30469,0.88281,2.28125,3.79688,0.4375,1.65625,0.25781,0.60156,3.53906,1.48438,0.92969,82.38281,77.46094,99.64844,5.7,1.65,1.975
4.64844,2.30469,0.88281,2.25,3.77344,0.4375,1.67188,0.25781,0.59375,3.53906,1.48438,0.92969,82.77344,77.85156,99.64844,5.7,1.65,1.975
4.24219,1.92969,0.88281,2.25,3.77344,0.4375,1.67188,0.25781,0.59375,3.53906,1.48438,0.92969,82.77344,77.85156,99.64844,5.7,1.65,1.975
4.24219,1.92969,0.88281,2.24219,3.8125,0.4375,1.69531,0.25781,0.58594,3.53906,1.48438,0.92969,82.23438,78.86719,99.64844,5.7,1.65,1.975
2.21875,1.26563,0.78906,2.24219,3.8125,0.4375,1.69531,0.25781,0.58594,3.53906,1.48438,0.92969,82.23438,78.86719,99.64844,5.7,1.65,1.975
2.21875,1.26563,0.78906,2.22656,3.78906,0.44531,1.69531,0.25781,0.58594,3.53906,1.48438,0.92969,82.23438,78.79688,99.64844,5.7,1.65,1.975
5.23438,1.92188,1.58594,2.22656,3.78906,0.44531,1.69531,0.25781,0.58594,3.5625,1.49219,0.9375,82.23438,78.79688,99.64844,5.7,1.65,1.975
5.23438,1.92188,1.58594,2.25,3.76563,0.4375,1.67188,0.25781,0.59375,3.5625,1.49219,0.9375,82.23438,78.07031,99.64844,5.7,1.65,1.975
3.97656,1.76563,1.40625,2.25,3.76563,0.4375,1.67188,0.25781,0.59375,3.5625,1.47656,0.92969,82.23438,78.07031,99.64844,5.7,1.65,1.975
3.97656,1.76563,1.40625,2.26563,3.78125,0.4375,1.66406,0.25781,0.59375,3.5625,1.47656,0.92969,82.23438,77.70313,99.64844,5.7,1.65,1.975
2.46094,1.88281,1.28125,2.26563,3.78125,0.4375,1.66406,0.25781,0.59375,3.5625,1.46875,0.92969,82.23438,77.70313,99.64844,5.7,1.65,1.975
2.46094,1.88281,1.28125,2.27344,3.76563,0.4375,1.64844,0.25781,0.60156,3.5625,1.46875,0.92969,82.23438,77.70313,99.64844,5.7,1.65,1.975
3.14844,1.44531,1.32031,2.27344,3.76563,0.4375,1.64844,0.25781,0.60156,3.52344,1.46094,0.9375,82.23438,77.70313,99.64844,5.7,1.65,1.975
3.14844,1.44531,1.32031,2.26563,3.74219,0.4375,1.64844,0.26563,0.60156,3.52344,1.46094,0.9375,82.64063,76.14844,99.64844,5.7,1.65,1.975
2.625,1.09375,1.32031,2.26563,3.74219,0.4375,1.64844,0.26563,0.60156,3.49219,1.46094,0.92969,82.64063,76.14844,99.64844,5.7,1.65,1.975
2.625,1.09375,1.32031,2.25781,3.6875,0.4375,1.63281,0.26563,0.60938,3.49219,1.46094,0.92969,83.73438,74.72656,99.64844,5.7,1.65,1.975
6.41406,3.125,1.27344,2.25781,3.6875,0.4375,1.63281,0.26563,0.60938,3.49219,1.48438,0.92969,83.73438,74.72656,99.64844,5.7,1.65,1.975
6.41406,3.125,1.27344,2.24219,3.71875,0.44531,1.65625,0.26563,0.60156,3.49219,1.48438,0.92969,83.86719,75.35156,99.64844,5.7,1.65,1.975
4.50781,3.00781,1.03906,2.24219,3.71875,0.44531,1.65625,0.26563,0.60156,3.50781,1.5,0.92969,83.86719,75.35156,99.64844,5.7,1.65,1.975
4.50781,3.00781,1.03906,2.20313,3.71875,0.45313,1.67969,0.26563,0.58594,3.50781,1.5,0.92969,83.66406,76.67969,99.64844,5.7,1.65,1.975
4.875,2.67969,1.74219,2.20313,3.71875,0.45313,1.67969,0.26563,0.58594,3.51563,1.50781,0.9375,83.66406,76.67969,99.64844,5.7,1.65,1.975
4.875,2.67969,1.74219,2.20313,3.70313,0.45313,1.67969,0.26563,0.59375,3.51563,1.50781,0.9375,83.66406,76.9375,99.64844,5.7,1.65,1.975
4.09375,3.21875,1.17188,2.20313,3.70313,0.45313,1.67969,0.26563,0.59375,3.5,1.52344,0.9375,83.66406,76.9375,99.64844,5.7,1.65,1.975
4.09375,3.21875,1.17188,2.17188,3.72656,0.45313,1.71094,0.26563,0.57813,3.5,1.52344,0.9375,83.66406,77.80469,99.64844,5.7,1.65,1.975
4.36719,2.45313,1.11719,2.17188,3.72656,0.45313,1.71094,0.26563,0.57813,3.51563,1.53125,0.92969,83.66406,77.80469,99.64844,5.7,1.65,1.975
4.36719,2.45313,1.11719,2.15625,3.71875,0.46094,1.71875,0.26563,0.57813,3.51563,1.53125,0.92969,83.66406,77.80469,99.64844,5.7,1.65,1.975
5.25,1.80469,1.38281,2.15625,3.71875,0.46094,1.71875,0.26563,0.57813,3.53125,1.52344,0.9375,83.66406,77.80469,99.64844,5.7,1.65,1.975
5.25,1.80469,1.38281,2.16406,3.71094,0.46094,1.71094,0.26563,0.57813,3.53125,1.52344,0.9375,83.61719,77.73438,99.64844,5.7,1.65,1.975
2.14844,2.77344,1.35938,2.16406,3.71094,0.46094,1.71094,0.26563,0.57813,3.53125,1.53906,0.94531,83.61719,77.73438,99.64844,5.7,1.65,1.975
2.14844,2.77344,1.35938,2.14844,3.70313,0.46094,1.71875,0.26563,0.57813,3.53125,1.53906,0.94531,83.61719,77.75781,99.64844,5.7,1.65,1.975
2.85156,2.40625,1.29688,2.14844,3.70313,0.46094,1.71875,0.26563,0.57813,3.51563,1.51563,0.95313,83.61719,77.75781,99.64844,5.7,1.65,1.975
2.85156,2.40625,1.29688,2.14844,3.6875,0.46094,1.71094,0.26563,0.57813,3.51563,1.51563,0.95313,83.61719,77.77344,99.64844,5.7,1.65,1.975
3.76563,1.85156,1.34375,2.14844,3.6875,0.46094,1.71094,0.26563,0.57813,3.51563,1.51563,0.95313,83.61719,77.77344,99.64844,5.7,1.65,1.975
3.76563,1.85156,1.34375,2.15625,3.67188,0.46094,1.70313,0.26563,0.58594,3.51563,1.51563,0.95313,83.61719,78.42969,99.64844,5.7,1.65,1.975
4.09375,0.78125,1.36719,2.15625,3.67188,0.46094,1.70313,0.26563,0.58594,3.50781,1.50781,0.95313,83.61719,78.42969,99.64844,5.7,1.65,1.975
4.09375,0.78125,1.36719,2.17969,3.66406,0.45313,1.67969,0.26563,0.59375,3.50781,1.50781,0.95313,83.61719,76.79688,99.64844,5.7,1.65,1.975
5.13281,1.75,1.69531,2.17969,3.66406,0.45313,1.67969,0.26563,0.59375,3.5,1.50781,0.96094,83.61719,76.79688,99.64844,5.7,1.65,1.975
5.13281,1.75,1.69531,2.19531,3.64063,0.45313,1.65625,0.27344,0.60156,3.5,1.50781,0.96094,83.61719,75.89844,99.64844,5.7,1.65,1.975
5.58594,2.23438,1.38281,2.19531,3.64063,0.45313,1.65625,0.27344,0.60156,3.53125,1.50781,0.96875,83.61719,75.89844,99.64844,5.7,1.65,1.975
5.58594,2.23438,1.38281,2.20313,3.63281,0.45313,1.64844,0.27344,0.60156,3.53125,1.50781,0.96875,83.34375,75.89844,99.64844,5.7,1.65,1.975
4.0625,1.74219,0.82813,2.20313,3.63281,0.45313,1.64844,0.27344,0.60156,3.52344,1.5,0.96094,83.34375,75.89844,99.64844,5.7,1.65,1.975
4.0625,1.74219,0.82813,2.21094,3.67188,0.44531,1.65625,0.26563,0.60156,3.52344,1.5,0.96094,83.10938,76.03125,99.64844,5.7,1.65,1.975
5.0625,2.55469,1.1875,2.21094,3.67188,0.44531,1.65625,0.26563,0.60156,3.52344,1.50781,0.96094,83.10938,76.03125,99.64844,5.7,1.65,1.975
5.0625,2.55469,1.1875,2.19531,3.67188,0.45313,1.67188,0.26563,0.59375,3.52344,1.50781,0.96094,82.71094,76.60156,99.64844,5.7,1.65,1.975
6.36719,2.10938,0.86719,2.19531,3.67188,0.45313,1.67188,0.26563,0.59375,3.54688,1.50781,0.95313,82.71094,76.60156,99.64844,5.7,1.65,1.975
6.36719,2.10938,0.86719,2.21094,3.70313,0.44531,1.67188,0.26563,0.59375,3.54688,1.50781,0.95313,81.58594,76.60156,99.64844,5.7,1.65,1.975
2.80469,1.84375,1.09375,2.21094,3.70313,0.44531,1.67188,0.26563,0.59375,3.54688,1.50781,0.94531,81.58594,76.60156,99.64844,5.7,1.65,1.975
2.80469,1.84375,1.09375,2.20313,3.71875,0.45313,1.6875,0.26563,0.58594,3.54688,1.50781,0.94531,81.58594,76.85938,99.64844,5.7,1.65,1.975
3.64063,1.96094,1.1875,2.20313,3.71875,0.45313,1.6875,0.26563,0.58594,3.52344,1.50781,0.94531,81.58594,76.85938,99.64844,5.7,1.65,1.975
3.64063,1.96094,1.1875,2.19531,3.6875,0.45313,1.67969,0.26563,0.59375,3.52344,1.50781,0.94531,82.88281,76.85938,99.64844,5.7,1.65,1.975
5.63281,2.40625,1.04688,2.19531,3.6875,0.45313,1.67969,0.26563,0.59375,3.53125,1.51563,0.9375,82.88281,76.85938,99.64844,5.7,1.65,1.975
5.63281,2.40625,1.04688,2.1875,3.71875,0.45313,1.69531,0.26563,0.58594,3.53125,1.51563,0.9375,82.83594,76.84375,99.64844,5.7,1.65,1.975
6.99219,0.96094,1.17969,2.1875,3.71875,0.45313,1.69531,0.26563,0.58594,3.57813,1.5,0.9375,82.83594,76.84375,99.64844,5.7,1.65,1.975
6.99219,0.96094,1.17969,2.21875,3.72656,0.44531,1.67969,0.26563,0.59375,3.57813,1.5,0.9375,82.46094,75.39063,99.64844,5.7,1.65,1.975
4.03125,0.91406,0.875,2.21875,3.72656,0.44531,1.67969,0.26563,0.59375,3.57031,1.49219,0.92969,82.46094,75.39063,99.64844,5.7,1.65,1.975
4.03125,0.91406,0.875,2.23438,3.73438,0.44531,1.66406,0.26563,0.59375,3.57031,1.49219,0.92969,82.71875,74.0625,99.64844,5.7,1.65,1.975
4.02344,1.4375,1.125,2.23438,3.73438,0.44531,1.66406,0.26563,0.59375,3.57813,1.47656,0.92969,82.71875,74.0625,99.64844,5.7,1.65,1.975
4.02344,1.4375,1.125,2.25781,3.75,0.4375,1.65625,0.26563,0.60156,3.57813,1.47656,0.92969,82.71875,72.4375,99.64844,5.7,1.65,1.975
6.14063,2.42969,1.11719,2.25781,3.75,0.4375,1.65625,0.26563,0.60156,3.60156,1.49219,0.92188,82.71875,72.4375,99.64844,5.7,1.65,1.975
6.14063,2.42969,1.11719,2.24219,3.73438,0.44531,1.66406,0.26563,0.59375,3.60156,1.49219,0.92188,82.97656,72.61719,99.64844,5.7,1.65,1.975
5.60938,2.38281,1.26563,2.24219,3.73438,0.44531,1.66406,0.26563,0.59375,3.61719,1.5,0.91406,82.97656,72.61719,99.64844,5.7,1.65,1.975
5.60938,2.38281,1.26563,2.24219,3.75,0.44531,1.66406,0.26563,0.59375,3.61719,1.5,0.91406,82.5625,73.13281,99.64844,5.7,1.65,1.975
6.44531,2.94531,1.3125,2.24219,3.75,0.44531,1.66406,0.26563,0.59375,3.63281,1.52344,0.91406,82.5625,73.13281,99.64844,5.7,1.65,1.975
6.44531,2.94531,1.3125,2.23438,3.75781,0.44531,1.67969,0.26563,0.59375,3.63281,1.52344,0.91406,81.88281,73.76563,99.64844,5.7,1.65,1.975
3.40625,1.78906,0.78906,2.23438,3.75781,0.44531,1.67969,0.26563,0.59375,3.58594,1.5,0.91406,81.88281,73.76563,99.64844,5.7,1.65,1.975
3.40625,1.78906,0.78906,2.23438,3.76563,0.44531,1.67969,0.25781,0.59375,3.58594,1.5,0.91406,82.94531,73.47656,99.64844,5.7,1.65,1.975
3.98438,1.64844,1.07031,2.23438,3.76563,0.44531,1.67969,0.25781,0.59375,3.5625,1.50781,0.91406,82.94531,73.47656,99.64844,5.7,1.65,1.975
3.98438,1.64844,1.07031,2.22656,3.75,0.44531,1.67969,0.26563,0.59375,3.5625,1.50781,0.91406,82.94531,73.39844,99.64844,5.7,1.65,1.975
3.19531,1.64844,0.94531,2.22656,3.75,0.44531,1.67969,0.26563,0.59375,3.55469,1.5,0.91406,82.94531,73.39844,99.64844,5.7,1.65,1.975
3.19531,1.64844,0.94531,2.22656,3.73438,0.44531,1.67188,0.26563,0.59375,3.55469,1.5,0.91406,82.94531,72.53906,99.64844,5.7,1.65,1.975
3.60938,2.50781,1.28125,2.22656,3.73438,0.44531,1.67188,0.26563,0.59375,3.55469,1.52344,0.91406,82.94531,72.53906,99.64844,5.7,1.65,1.975
3.60938,2.50781,1.28125,2.23438,3.74219,0.44531,1.66406,0.26563,0.59375,3.55469,1.52344,0.91406,82.57031,72.00781,99.64844,5.7,1.65,1.975
6.82031,3.51563,1.53906,2.23438,3.74219,0.44531,1.66406,0.26563,0.59375,3.61719,1.54688,0.92188,82.57031,72.00781,99.64844,5.7,1.65,1.975
6.82031,3.51563,1.53906,2.22656,3.76563,0.44531,1.6875,0.25781,0.58594,3.61719,1.54688,0.92188,81.60156,72.00781,99.64844,5.7,1.65,1.975
